index,word,count,median_price,score,language,
24111,jetliner,12,797,686,en,
40663,superbowl,57,650,539,en,
23027,inauguration,310,550,439,en,
10959,celebrations,12,500,389,en,
23024,inaugural,26,428.5,317.5,en,
35744,reunion,12,424.5,313.5,en,
45127,weddings,29,400,289,en,
35745,reunions,29,399,288,en,
2956,4bd,52,394.5,283.5,en,
3231,5bed,11,391,280,en,
32340,photoshoots,27,385,274,en,
1835,2500,49,385,274,en,
2285,3000,67,366,255,en,
30491,oceanfront,40,360,249,en,
18447,festivities,58,337,226,en,
27455,masterpiece,47,325,214,en,
44414,viking,109,325,214,en,
33357,presidential,65,324,213,en,
46047,wyndham,79,324,213,en,
3224,5ba,91,320,209,en,
14426,daybeds,14,312,201,en,
23231,infinity,25,311,200,en,
17228,enviable,22,302,191,en,
3228,5bd,13,300,189,en,
45774,wolf,74,300,189,en,
23355,innovative,23,299,188,en,
2586,3ba,67,299,188,en,
44483,vip,50,298,187,en,
11636,chrissy,18,297.5,186.5,en,
32708,playroom,83,295,184,en,
8542,birthday,22,290,179,en,
15308,discerning,35,289,178,en,
35725,retreats,35,288,177,en,
23189,indulgent,18,284.5,173.5,en,
38541,skyscraper,12,275,164,en,
15932,dramatic,76,275,164,en,
17824,expertly,22,274.5,163.5,en,
22984,impress,12,274,163,en,
15962,dreamforce,41,274,163,en,
28191,miele,52,269.5,158.5,en,
17142,entertainers,22,269,158,en,
7833,beachfront,48,267.5,156.5,en,
2968,4beds,11,265,154,en,
12713,compound,66,262.5,151.5,en,
7928,beaux,13,250,139,en,
22916,immense,13,250,139,en,
17703,excursion,22,250,139,en,
10655,carnegie,69,250,139,en,
5197,alcatraz,85,250,139,en,
43966,valet,119,250,139,en,
11375,chefs,121,250,139,en,
14558,decks,272,250,139,en,
12665,complemented,11,249,138,en,
7703,baths,965,249,138,en,
28596,modernist,18,247,136,en,
3238,5br,47,247,136,en,
42067,timeshare,47,245,134,en,
14447,dazzling,14,240,129,en,
34766,rebuilt,23,239,128,en,
19169,formal,311,239,128,en,
6235,architecturally,54,237,126,en,
45126,wedding,46,235,124,en,
31113,ovens,50,230.5,119.5,en,
883,1600,72,229.5,118.5,en,
6047,applianced,26,229,118,en,
42563,trampoline,56,229,118,en,
579,1300,81,229,118,en,
1488,2000,123,229,118,en,
93,1000sf,14,227.5,116.5,en,
18556,filming,104,226,115,en,
12970,conservancy,11,225,114,en,
21807,herman,11,225,114,en,
21910,highlighted,12,225,114,en,
41948,throwback,13,225,114,en,
45921,worldmark,29,225,114,en,
12722,comprises,43,225,114,en,
32628,plank,63,225,114,en,
16690,elegance,127,225,114,en,
40525,suites,199,225,114,en,
17459,estate,258,225,114,en,
17145,entertaining,478,225,114,en,
40319,stunner,16,224,113,en,
2017,2baths,16,223,112,en,
7808,bdrms,41,223,112,en,
2007,2ba,419,223,112,en,
7688,bathrobe,18,220,109,en,
14401,dating,46,220,109,en,
20196,ghirardelli,47,220,109,en,
30292,nursery,61,220,109,en,
38865,soaring,122,220,109,en,
13397,corporate,173,220,109,en,
19965,gatherings,90,217,106,en,
25703,levels,302,217,106,en,
41447,teens,13,216,105,en,
6623,astounding,12,215,104,en,
42855,triplex,116,215,104,en,
11422,chestnut,124,214.5,103.5,en,
11373,chef,563,213,102,en,
29065,mulholland,44,212.5,101.5,en,
10561,captivating,12,212,101,en,
35859,richly,11,210,99,en,
34912,redesigned,30,210,99,en,
41305,tartine,39,210,99,en,
43120,twinkle,12,209.5,98.5,en,
6234,architectural,312,209.5,98.5,en,
22280,hoop,55,209,98,en,
2972,4br,153,209,98,en,
18650,fireplaces,205,209,98,en,
6684,atrium,46,207.5,96.5,en,
15561,divisadero,84,207.5,96.5,en,
44421,villa,289,205,94,en,
6612,astonishing,24,204.5,93.5,en,
24834,kitchens,266,204.5,93.5,en,
10742,carved,41,203,92,en,
10958,celebration,18,202.5,91.5,en,
17319,ergonomic,17,200,89,en,
17918,extensively,25,200,89,en,
33302,premiere,52,200,89,en,
27417,mason,63,200,89,en,
2075,2bth,63,200,89,en,
40124,strand,64,200,89,en,
40353,stylishly,73,200,89,en,
663,1400,73,200,89,en,
2599,3bed,75,200,89,en,
22130,hollow,76,200,89,en,
41616,terraces,83,200,89,en,
45965,wrap,87,200,89,en,
44119,vehicles,90,200,89,en,
26291,lombard,91,200,89,en,
41480,televisions,93,200,89,en,
45059,waves,109,200,89,en,
12294,cole,120,200,89,en,
750,1500,123,200,89,en,
16806,embarcadero,150,200,89,en,
43584,unobstructed,150,200,89,en,
2592,3bd,167,200,89,en,
39042,sonos,168,200,89,en,
33376,prestigious,194,200,89,en,
39068,sophisticated,211,200,89,en,
21913,highline,245,200,89,en,
42480,toys,285,200,89,en,
36811,sand,309,200,89,en,
2616,3br,536,200,89,en,
32023,penthouse,734,200,89,en,
40321,stunning,1256,200,89,en,
20353,gleaming,32,199.5,88.5,en,
13608,coveted,132,199.5,88.5,en,
27905,mercedes,11,199,88,en,
29314,nanny,11,199,88,en,
7204,bachelorette,13,199,88,en,
21898,highchair,19,199,88,en,
41193,tallest,23,199,88,en,
16599,effortless,23,199,88,en,
33374,prestige,23,199,88,en,
24025,jaw,25,199,88,en,
17712,executives,34,199,88,en,
15479,distinctive,41,199,88,en,
46143,yacht,43,199,88,en,
39246,spared,43,199,88,en,
39672,stairwell,43,199,88,en,
42774,tremendous,44,199,88,en,
43935,vacations,61,199,88,en,
19964,gathering,66,199,88,en,
35629,restoration,70,199,88,en,
23550,interiors,83,199,88,en,
10962,celebrity,149,199,88,en,
33301,premier,154,199,88,en,
28878,moscone,197,199,88,en,
26652,lux,262,199,88,en,
27721,meatpacking,316,199,88,en,
37342,seats,419,199,88,en,
43097,tvs,465,199,88,en,
20938,groups,1338,199,88,en,
40936,sweeping,218,198.5,87.5,en,
31442,panoramic,403,198,87,en,
13822,crib,433,198,87,en,
11648,christopher,58,197.5,86.5,en,
11245,charlestown,60,197.5,86.5,en,
33359,presidio,158,197.5,86.5,en,
18158,faneuil,131,197,86,en,
30044,nopa,162,197,86,en,
7344,balconies,316,197,86,en,
42733,treadmills,17,195,84,en,
12698,complimented,18,195,84,en,
23225,infants,43,195,84,en,
13613,cow,85,195,84,en,
1049,180,111,195,84,en,
42186,toddler,173,195,84,en,
18550,fillmore,178,195,84,en,
18805,flatiron,203,195,84,en,
16575,edwardian,232,195,84,en,
18695,fisherman,267,195,84,en,
2012,2bath,268,195,84,en,
18603,finest,294,195,84,en,
19961,gather,42,194,83,en,
10183,cabanas,63,194,83,en,
27143,manicured,62,192.5,81.5,en,
12432,combines,94,192,81,en,
11662,chrysler,105,192,81,en,
1050,1800,130,192,81,en,
17771,expansive,308,190.5,79.5,en,
33545,privileged,11,190,79,en,
40862,sutro,69,190,79,en,
16692,elegantly,82,190,79,en,
43460,unforgettable,117,190,79,en,
31368,palisades,127,190,79,en,
35972,ritz,42,189.5,78.5,en,
35791,revolutionary,11,189,78,en,
35246,reminiscent,23,189,78,en,
39071,sophistication,45,189,78,en,
26898,magnolia,83,189,78,en,
8855,boat,99,189,78,en,
10196,cabinetry,157,189,78,en,
2033,2bed,187,189,78,en,
18613,finishes,398,189,78,en,
20813,greenwich,388,188.5,77.5,en,
209,1080p,56,188,77,en,
32694,playground,296,188,77,en,
28601,modernized,62,187.5,76.5,en,
14663,degree,204,187.5,76.5,en,
40322,stunningly,29,187,76,en,
9250,boylston,46,187,76,en,
33731,propane,48,187,76,en,
22947,impeccably,82,187,76,en,
32000,peninsula,100,187,76,en,
45401,whitney,109,187,76,en,
28781,monument,170,187,76,en,
2019,2bd,472,186,75,en,
8012,bedrooms,6514,185.5,74.5,en,
6012,appealing,23,185,74,en,
42187,toddlers,41,185,74,en,
21915,highrise,57,185,74,en,
34942,redwood,65,185,74,en,
11255,charmer,73,185,74,en,
8664,bleecker,75,185,74,en,
2001,2b,87,185,74,en,
16127,duboce,89,185,74,en,
9777,buena,90,185,74,en,
8383,bi,101,185,74,en,
32906,polk,180,185,74,en,
7850,beacon,277,185,74,en,
45303,wharf,289,185,74,en,
27524,mattresses,666,185,74,en,
39335,spectacular,693,185,74,en,
11382,chelsea,751,185,74,en,
14939,designer,1090,185,74,en,
20571,gourmet,1104,185,74,en,
8853,boasting,82,184,73,en,
10961,celebrities,106,184,73,en,
35323,renowned,219,184,73,en,
9219,bowery,102,183.5,72.5,en,
31769,patios,220,183,72,en,
12173,cobblestone,58,182.5,71.5,en,
39479,sprawling,106,182.5,71.5,en,
17407,esplanade,122,182.5,71.5,en,
18320,feast,36,182,71,en,
20534,gorgeously,36,182,71,en,
8483,billiards,74,182,71,en,
22800,idyllic,64,181.5,70.5,en,
30142,notch,78,181,70,en,
31609,parlour,17,180,69,en,
7888,beating,23,180,69,en,
44530,vistas,43,180,69,en,
24237,jones,45,180,69,en,
40685,superior,49,180,69,en,
38228,signature,52,180,69,en,
41472,telegraph,55,180,69,en,
33181,powell,77,180,69,en,
31095,outstanding,107,180,69,en,
25450,lawn,116,180,69,en,
26656,luxe,122,180,69,en,
36224,roofdeck,130,180,69,en,
454,1200,189,180,69,en,
21549,hayes,249,180,69,en,
10819,castro,502,180,69,en,
14157,custom,718,180,69,en,
23177,indoor,734,180,69,en,
2026,2bdr,68,179.5,68.5,en,
20864,grille,17,179,68,en,
22851,illuminate,19,179,68,en,
44873,wandering,23,179,68,en,
11915,classically,25,179,68,en,
4329,abounds,29,179,68,en,
26674,luxuriously,45,179,68,en,
40584,sundeck,75,179,68,en,
35489,residences,82,179,68,en,
43597,unparalleled,85,179,68,en,
33494,pristine,151,179,68,en,
27767,mediterranean,206,179,68,en,
38577,sleek,252,179,68,en,
20646,gramercy,261,179,68,en,
12777,concierge,612,179,68,en,
26673,luxurious,1406,179,68,en,
40236,stroller,46,178.5,67.5,en,
495,1250,16,177.5,66.5,en,
17141,entertainer,30,177.5,66.5,en,
32655,plaster,32,177.5,66.5,en,
24116,jetted,40,177.5,66.5,en,
11170,chandeliers,44,177.5,66.5,en,
39149,southie,46,177.5,66.5,en,
4858,aero,46,177.5,66.5,en,
9393,breathtaking,434,177.5,66.5,en,
20610,gracious,73,177,66,en,
11090,certificate,76,177,66,en,
22990,impressive,91,177,66,en,
24689,kid,316,177,66,en,
38998,soma,326,176.5,65.5,en,
10513,capacity,48,176,65,en,
45117,weber,54,176,65,en,
41894,thoughtfully,89,176,65,en,
44193,veranda,30,175,64,en,
15695,dome,30,175,64,en,
13840,crissy,32,175,64,en,
33391,prettiest,39,175,64,en,
20322,glamour,39,175,64,en,
15026,developed,45,175,64,en,
41716,thanksgiving,51,175,64,en,
45599,windowed,54,175,64,en,
40780,surfboards,57,175,64,en,
8851,boast,57,175,64,en,
18209,farmhouse,58,175,64,en,
9882,bunker,59,175,64,en,
27218,marathon,60,175,64,en,
22693,hynes,67,175,64,en,
18611,finish,67,175,64,en,
24948,koi,68,175,64,en,
22905,immaculately,69,175,64,en,
31286,paddle,73,175,64,en,
6216,arched,74,175,64,en,
42986,tubs,83,175,64,en,
1156,1890,84,175,64,en,
4859,aerobed,85,175,64,en,
40372,sub,93,175,64,en,
31419,panel,100,175,64,en,
18236,fashionable,118,175,64,en,
9106,bose,123,175,64,en,
7867,beams,129,175,64,en,
17711,executive,133,175,64,en,
28661,moldings,139,175,64,en,
6963,award,147,175,64,en,
5167,alamo,177,175,64,en,
6228,architect,205,175,64,en,
6502,ashbury,228,175,64,en,
38858,soaking,237,175,64,en,
42817,tribeca,262,175,64,en,
29738,newbury,272,175,64,en,
18331,feature,284,175,64,en,
11243,charles,309,175,64,en,
29655,nespresso,312,175,64,en,
31184,oversized,314,175,64,en,
35519,resort,400,175,64,en,
35955,rise,479,175,64,en,
14948,desirable,527,175,64,en,
31258,pacific,649,175,64,en,
27226,marble,823,175,64,en,
19679,furnishings,1030,175,64,en,
15767,doorman,1199,175,64,en,
19302,francisco,2162,175,64,en,
8026,beds,4167,175,64,en,
21009,gucci,10,174.5,63.5,en,
18003,fabulously,20,174.5,63.5,en,
8854,boasts,630,174.5,63.5,en,
26677,luxury,3912,174.5,63.5,en,
20070,generously,26,174,63,en,
13923,cruisers,49,174,63,en,
10694,carriage,68,174,63,en,
36180,rolling,83,174,63,en,
35396,representative,88,174,63,en,
26670,luxuries,72,173,62,en,
22438,housekeeping,132,173,62,en,
33212,prada,10,172.5,61.5,en,
23186,indulge,58,172.5,61.5,en,
35697,retains,72,172.5,61.5,en,
25895,limestone,70,172,61,en,
8747,bloomingdales,74,172,61,en,
16691,elegant,826,171.5,60.5,en,
21310,handcrafted,26,170,59,en,
22410,hottub,27,170,59,en,
36169,rollaway,57,170,59,en,
11094,certifies,63,170,59,en,
33086,possession,67,170,59,en,
4881,aesthetic,87,170,59,en,
7553,barracks,125,170,59,en,
4599,acre,184,170,59,en,
13323,copley,193,170,59,en,
13518,counters,273,170,59,en,
29992,nolita,355,170,59,en,
39541,sqft,388,170,59,en,
26856,madison,485,170,59,en,
13081,contemporary,897,170,59,en,
2057,2br,1276,170,59,en,
18649,fireplace,1840,170,59,en,
33354,preserving,12,169.5,58.5,en,
31275,packing,86,169.5,58.5,en,
25232,landscaped,280,169.5,58.5,en,
26892,magnificent,350,169.5,58.5,en,
42336,tops,414,169.5,58.5,en,
11064,ceramics,11,169,58,en,
14163,customized,23,169,58,en,
43575,unmatched,23,169,58,en,
17048,enhance,41,169,58,en,
32290,phenomenal,59,169,58,en,
33610,production,61,169,58,en,
34008,pure,66,169,58,en,
18115,famed,194,169,58,en,
39853,steam,257,169,58,en,
15688,dolores,309,169,58,en,
19362,freedom,338,169,58,en,
40819,surround,413,169,58,en,
21211,haight,465,169,58,en,
37729,sf,1679,169,58,en,
18131,families,3364,169,58,en,
23013,inaccessible,12,168.5,57.5,en,
7775,bcec,40,168.5,57.5,en,
32335,photography,101,168,57,en,
23637,intricate,16,167.5,56.5,en,
30496,oceanview,28,167.5,56.5,en,
5236,alexa,48,167.5,56.5,en,
8123,bel,48,167.5,56.5,en,
44478,violations,54,167.5,56.5,en,
34435,radiant,62,167.5,56.5,en,
30870,ordinance,68,167.5,56.5,en,
35695,retained,23,167,56,en,
24112,jets,40,167,56,en,
32313,philz,40,167,56,en,
17879,exposures,44,167,56,en,
23633,intrepid,48,167,56,en,
35225,remarkable,52,167,56,en,
45357,whirlpool,82,167,56,en,
17903,exquisite,158,167,56,en,
39658,stainless,1728,167,56,en,
27425,massachusetts,72,166.5,55.5,en,
33351,preserved,86,166.5,55.5,en,
10592,cardio,50,166,55,en,
43961,valencia,228,166,55,en,
29366,nationally,20,165,54,en,
40867,suv,41,165,54,en,
7180,babies,61,165,54,en,
31429,panhandle,75,165,54,en,
27992,meticulously,128,165,54,en,
33142,potrero,141,165,54,en,
43280,ultimate,211,165,54,en,
31606,parlor,219,165,54,en,
39097,sought,267,165,54,en,
27023,malibu,600,165,54,en,
20932,group,736,165,54,en,
14937,designed,1200,165,54,en,
24761,king,2850,165,54,en,
24848,kite,18,164.5,53.5,en,
12160,coastal,52,164.5,53.5,en,
14651,definition,80,164.5,53.5,en,
14795,den,466,164.5,53.5,en,
21645,heated,506,164.5,53.5,en,
40386,subject,67,164,53,en,
12113,clubhouse,77,164,53,en,
7788,bdfm,81,164,53,en,
10357,caltrain,153,164,53,en,
39867,steel,1536,164,53,en,
19877,garage,1865,164,53,en,
32896,polished,124,163,52,en,
13522,countertops,475,163,52,en,
27991,meticulous,22,162.5,51.5,en,
18615,finishings,32,162.5,51.5,en,
10506,canyons,40,162.5,51.5,en,
6423,artful,42,162.5,51.5,en,
6675,atmospheric,11,162,51,en,
21455,harmony,20,162,51,en,
37725,sexy,46,161.5,50.5,en,
28503,mixer,43,161,50,en,
19418,fresco,90,161,50,en,
20682,granite,1019,161,50,en,
14348,danish,32,160.5,49.5,en,
18896,floorplan,56,160.5,49.5,en,
11239,charismatic,10,160,49,en,
33078,positively,11,160,49,en,
30495,oceanside,13,160,49,en,
44896,wardrobes,23,160,49,en,
3189,57th,32,160,49,en,
28561,mod,44,160,49,en,
22946,impeccable,58,160,49,en,
23404,inspection,59,160,49,en,
36425,rowhome,61,160,49,en,
12560,commonwealth,63,160,49,en,
31249,pac,89,160,49,en,
25224,landmarked,93,160,49,en,
28261,million,174,160,49,en,
32653,plasma,196,160,49,en,
37308,seaport,221,160,49,en,
32409,picturesque,222,160,49,en,
13027,constructed,223,160,49,en,
25496,lcd,224,160,49,en,
38917,sofas,228,160,49,en,
32002,penn,376,160,49,en,
37381,sectional,407,160,49,en,
41317,tastefully,425,160,49,en,
15956,dream,468,160,49,en,
20469,golden,1058,160,49,en,
24702,kids,2466,160,49,en,
36798,san,2624,160,49,en,
14551,deck,3369,160,49,en,
27442,master,3857,160,49,en,
44395,views,5852,160,49,en,
26636,luscious,30,159.5,48.5,en,
33698,prominent,32,159.5,48.5,en,
44496,virtual,62,159.5,48.5,en,
17672,exceptionally,80,159.5,48.5,en,
12171,cobble,154,159.5,48.5,en,
17878,exposure,182,159.5,48.5,en,
14585,decorative,192,159.5,48.5,en,
7695,bathrooms,3196,159.5,48.5,en,
30772,openness,13,159,48,en,
39418,splendid,32,159,48,en,
25445,lavish,41,159,48,en,
34238,quarter,93,159,48,en,
34248,quartz,105,159,48,en,
43124,twins,113,159,48,en,
40763,supreme,144,159,48,en,
20069,generous,161,159,48,en,
14770,deluxe,235,159,48,en,
10719,cars,541,159,48,en,
30774,opens,657,159,48,en,
39177,spa,769,159,48,en,
38943,soho,1349,159,48,en,
4531,ace,150,158.5,47.5,en,
38542,skyscrapers,39,158,47,en,
19063,foodies,63,158,47,en,
37650,serviced,32,157.5,46.5,en,
41893,thoughtful,54,157.5,46.5,en,
28058,mezzanine,60,157.5,46.5,en,
41037,symphony,84,157,46,en,
12859,conference,203,157,46,en,
11479,child,402,157,46,en,
15483,distinguished,16,156,45,en,
1533,2015,198,156,45,en,
43283,ultra,391,156,45,en,
28687,momofuku,40,155.5,44.5,en,
17541,euro,50,155,44,en,
29105,multitude,59,155,44,en,
32697,playhouse,61,155,44,en,
5562,amidst,65,155,44,en,
16698,elements,74,155,44,en,
24303,judah,78,155,44,en,
44850,walnut,85,155,44,en,
27786,meetings,93,155,44,en,
41475,telephone,97,155,44,en,
20870,grilling,113,155,44,en,
31498,parade,134,155,44,en,
34355,quintessential,227,155,44,en,
7183,baby,451,155,44,en,
29117,muni,841,155,44,en,
14929,design,1070,155,44,en,
43928,vacation,1402,155,44,en,
7732,bay,1769,155,44,en,
37464,selected,80,154.5,43.5,en,
1531,2013,84,154.5,43.5,en,
30777,opera,106,154.5,43.5,en,
32429,piers,144,154.5,43.5,en,
12831,condos,51,154,43,en,
21657,heavenly,58,154,43,en,
32947,pong,142,154,43,en,
31049,outfitted,193,154,43,en,
12532,commerce,16,153.5,42.5,en,
42437,tower,465,153,42,en,
30936,ornamental,10,152.5,41.5,en,
4991,agreed,90,152.5,41.5,en,
40633,sunroom,96,152.5,41.5,en,
41630,terre,96,152.5,41.5,en,
15197,dimmable,18,152,41,en,
18667,fireworks,45,152,41,en,
43691,updates,64,152,41,en,
10073,buzz,69,152,41,en,
22520,hubbub,18,151.5,40.5,en,
17034,england,68,151.5,40.5,en,
40658,superb,136,151.5,40.5,en,
38593,sleeps,2706,151.5,40.5,en,
20159,getaways,49,151,40,en,
20400,glorious,57,151,40,en,
35784,revival,63,151,40,en,
38526,skylights,320,150.5,39.5,en,
23549,interior,694,150.5,39.5,en,
4882,aesthetically,11,150,39,en,
13924,cruises,11,150,39,en,
13925,cruising,11,150,39,en,
36385,rouge,11,150,39,en,
32744,pleasures,13,150,39,en,
22671,hyatt,13,150,39,en,
34356,quintessentially,17,150,39,en,
36938,satisfying,20,150,39,en,
32196,perspective,26,150,39,en,
44247,versatile,30,150,39,en,
40900,swanky,36,150,39,en,
14943,designs,39,150,39,en,
23570,internationally,39,150,39,en,
24526,kayaking,40,150,39,en,
19378,freestanding,40,150,39,en,
7842,beachside,40,150,39,en,
37567,separating,41,150,39,en,
37033,scale,41,150,39,en,
10204,cables,43,150,39,en,
23224,infant,44,150,39,en,
27341,marriott,46,150,39,en,
41323,tasting,47,150,39,en,
26964,maison,48,150,39,en,
46462,zipcar,49,150,39,en,
40784,surfers,49,150,39,en,
38564,slate,50,150,39,en,
19019,foldout,50,150,39,en,
42716,travertine,51,150,39,en,
17410,espn,51,150,39,en,
27295,marked,51,150,39,en,
11983,clement,53,150,39,en,
38780,smorgasburg,53,150,39,en,
11914,classical,54,150,39,en,
43934,vacationing,57,150,39,en,
39540,sqf,59,150,39,en,
6285,arguably,64,150,39,en,
45168,weight,65,150,39,en,
17255,epic,69,150,39,en,
43330,unbelievable,69,150,39,en,
37159,sciences,69,150,39,en,
20600,grace,70,150,39,en,
17288,equinox,70,150,39,en,
37614,series,71,150,39,en,
11169,chandelier,71,150,39,en,
19237,fountains,72,150,39,en,
44607,volleyball,72,150,39,en,
40613,sunniest,74,150,39,en,
17942,extraordinary,74,150,39,en,
28143,midcentury,75,150,39,en,
37332,seasons,78,150,39,en,
14726,delight,81,150,39,en,
30568,offices,83,150,39,en,
11224,charcoal,86,150,39,en,
17966,eye,87,150,39,en,
16756,elm,87,150,39,en,
20707,grassy,89,150,39,en,
18990,fob,92,150,39,en,
14081,curated,93,150,39,en,
35565,responsive,94,150,39,en,
37774,shake,94,150,39,en,
15234,dinnerware,95,150,39,en,
6046,appliance,95,150,39,en,
44543,vitamix,97,150,39,en,
35253,remodel,99,150,39,en,
3658,750,99,150,39,en,
25348,latest,99,150,39,en,
28753,montana,100,150,39,en,
26250,lofts,101,150,39,en,
42082,tin,102,150,39,en,
45017,waterfall,103,150,39,en,
17256,epicenter,110,150,39,en,
41221,tandem,113,150,39,en,
31155,overlook,117,150,39,en,
26471,lovingly,119,150,39,en,
16257,dvr,119,150,39,en,
21417,hardware,121,150,39,en,
32695,playgrounds,127,150,39,en,
41316,tasteful,136,150,39,en,
35860,richmond,136,150,39,en,
12431,combined,141,150,39,en,
1532,2014,143,150,39,en,
4346,absolute,144,150,39,en,
11133,chaise,145,150,39,en,
16111,dual,151,150,39,en,
34795,recessed,152,150,39,en,
12915,congress,153,150,39,en,
33856,prudential,154,150,39,en,
3977,900,160,150,39,en,
6823,authority,162,150,39,en,
10711,carroll,165,150,39,en,
5867,antiques,173,150,39,en,
39635,staff,175,150,39,en,
19256,foyer,180,150,39,en,
21912,highlights,185,150,39,en,
27233,march,188,150,39,en,
43326,unbeatable,205,150,39,en,
38344,sinks,210,150,39,en,
17084,enormous,217,150,39,en,
23235,inflatable,219,150,39,en,
14425,daybed,221,150,39,en,
7390,bamboo,221,150,39,en,
4281,abbott,223,150,39,en,
39485,spread,223,150,39,en,
42935,trundle,233,150,39,en,
10431,canals,247,150,39,en,
17571,event,253,150,39,en,
44074,vaulted,255,150,39,en,
13214,convertible,257,150,39,en,
5206,alcove,260,150,39,en,
35314,renovation,261,150,39,en,
25813,lifestyle,270,150,39,en,
36106,rockefeller,273,150,39,en,
22388,hotels,294,150,39,en,
39665,staircase,302,150,39,en,
13171,conveniences,309,150,39,en,
13525,countless,316,150,39,en,
26155,lobby,327,150,39,en,
12758,concept,330,150,39,en,
16992,endless,343,150,39,en,
33964,pullout,347,150,39,en,
43899,uws,350,150,39,en,
20124,georgetown,352,150,39,en,
35634,restored,352,150,39,en,
36200,romantic,398,150,39,en,
21727,hell,406,150,39,en,
22764,iconic,430,150,39,en,
12416,columbus,432,150,39,en,
8846,boardwalk,462,150,39,en,
39901,step,475,150,39,en,
22408,hottest,483,150,39,en,
12492,comforts,499,150,39,en,
4614,action,540,150,39,en,
33309,premium,551,150,39,en,
9207,boutique,557,150,39,en,
34602,rare,565,150,39,en,
4279,abbot,586,150,39,en,
17697,exclusive,598,150,39,en,
18338,featuring,600,150,39,en,
17573,events,624,150,39,en,
45023,waterfront,625,150,39,en,
21571,hd,639,150,39,en,
25473,layout,650,150,39,en,
18586,financial,674,150,39,en,
34574,range,674,150,39,en,
39721,star,679,150,39,en,
43524,units,689,150,39,en,
18002,fabulous,713,150,39,en,
6068,appointed,760,150,39,en,
16886,empire,778,150,39,en,
24788,kinney,781,150,39,en,
45144,weekend,783,150,39,en,
22532,hudson,783,150,39,en,
32093,perfectly,798,150,39,en,
13511,counter,798,150,39,en,
39109,sound,858,150,39,en,
38584,sleeper,872,150,39,en,
27274,marina,878,150,39,en,
7577,bart,903,150,39,en,
23111,incredible,975,150,39,en,
40352,stylish,1046,150,39,en,
41614,terrace,1064,150,39,en,
43689,updated,1067,150,39,en,
11484,children,1069,150,39,en,
20333,glass,1070,150,39,en,
43976,valley,1094,150,39,en,
37339,seating,1138,150,39,en,
10527,capitol,1174,150,39,en,
28461,mission,1217,150,39,en,
33958,pull,1293,150,39,en,
7917,beautifully,1462,150,39,en,
16208,duplex,1466,150,39,en,
39779,state,1536,150,39,en,
30487,ocean,1595,150,39,en,
18366,feet,1658,150,39,en,
19582,ft,2162,150,39,en,
12820,condo,2302,150,39,en,
19685,furniture,2482,150,39,en,
39536,sq,2487,150,39,en,
20532,gorgeous,2712,150,39,en,
15381,dishwasher,2831,150,39,en,
31037,outdoor,3560,150,39,en,
18334,features,3681,150,39,en,
6049,appliances,4216,150,39,en,
28585,modern,7827,150,39,en,
10848,caters,22,149.5,38.5,en,
41919,thrilled,24,149.5,38.5,en,
40237,strollers,28,149.5,38.5,en,
10953,celebrate,42,149.5,38.5,en,
42998,tudor,50,149.5,38.5,en,
2043,2bedroom,88,149.5,38.5,en,
27202,maple,94,149.5,38.5,en,
29131,murphy,130,149.5,38.5,en,
10427,canal,132,149.5,38.5,en,
29361,nation,168,149.5,38.5,en,
27859,memorial,200,149.5,38.5,en,
21403,harbour,11,149,38,en,
34782,received,36,149,38,en,
10601,cared,41,149,38,en,
45207,wells,43,149,38,en,
30148,noted,47,149,38,en,
33717,promptly,58,149,38,en,
39773,starz,59,149,38,en,
23880,ivy,61,149,38,en,
4912,affluent,71,149,38,en,
15974,dreamy,76,149,38,en,
34811,reclaimed,82,149,38,en,
1205,1910,85,149,38,en,
1834,250,88,149,38,en,
17277,equally,90,149,38,en,
29369,nations,96,149,38,en,
31269,packed,107,149,38,en,
17917,extensive,118,149,38,en,
21903,highest,123,149,38,en,
33740,properties,123,149,38,en,
37765,shades,146,149,38,en,
44222,verizon,176,149,38,en,
27741,media,183,149,38,en,
18332,featured,196,149,38,en,
13146,controlled,231,149,38,en,
42395,touches,241,149,38,en,
42516,traditional,340,149,38,en,
1325,1ba,364,149,38,en,
27436,massive,431,149,38,en,
35487,residence,487,149,38,en,
13491,couches,537,149,38,en,
11911,class,587,149,38,en,
4808,adults,618,149,38,en,
42930,truly,798,149,38,en,
20043,gem,914,149,38,en,
25915,lincoln,921,149,38,en,
34224,quality,937,149,38,en,
9208,boutiques,1006,149,38,en,
23936,jacuzzi,1117,149,38,en,
30922,original,1373,149,38,en,
11913,classic,1455,149,38,en,
7763,bbq,1722,149,38,en,
33741,property,2176,149,38,en,
26240,loft,2993,149,38,en,
10942,ceilings,3869,149,38,en,
38913,sofa,4560,149,38,en,
31440,panorama,22,148.5,37.5,en,
16938,enchanted,36,148.5,37.5,en,
13449,cosmopolitan,48,148.5,37.5,en,
43887,utmost,58,148.5,37.5,en,
38713,smarttv,68,148.5,37.5,en,
2626,3d,72,148.5,37.5,en,
19717,futons,76,148.5,37.5,en,
44919,warmth,140,148.5,37.5,en,
37222,screened,45,148,37,en,
10929,cedar,71,148,37,en,
11861,civic,122,148,37,en,
17688,excitement,164,148,37,en,
38380,sits,537,148,37,en,
19954,gate,1457,148,37,en,
30560,offers,2181,148,37,en,
18799,flat,3803,148,37,en,
26067,liveliness,12,147.5,36.5,en,
5119,airstream,26,147.5,36.5,en,
20896,grocer,40,147.5,36.5,en,
7464,barbeque,62,147.5,36.5,en,
10823,catalina,78,147.5,36.5,en,
14940,designers,104,147.5,36.5,en,
37278,sea,224,147.5,36.5,en,
17670,exceptional,266,147.5,36.5,en,
3150,55,530,147.5,36.5,en,
19855,gaming,44,147,36,en,
44870,wander,45,147,36,en,
39891,stellar,47,147,36,en,
42461,townhouses,55,147,36,en,
45954,wow,66,147,36,en,
40808,surprisingly,74,147,36,en,
33441,primary,92,147,36,en,
21602,heads,94,147,36,en,
29746,newest,130,147,36,en,
17110,ensuite,327,147,36,en,
33630,professionally,425,147,36,en,
30385,oasis,1361,147,36,en,
15504,district,3500,147,36,en,
4082,950,46,146.5,35.5,en,
8864,boats,58,146.5,35.5,en,
29132,murray,134,146.5,35.5,en,
22904,immaculate,206,146.5,35.5,en,
16314,décor,92,146,35,en,
13521,countertop,100,146,35,en,
35548,respite,107,146,35,en,
20341,glassware,141,146,35,en,
10852,cathedral,248,146,35,en,
38186,sidewalk,86,145.5,34.5,en,
13640,cozier,10,145,34,en,
23229,infinite,13,145,34,en,
34223,qualities,19,145,34,en,
2466,3500,22,145,34,en,
44801,walkers,41,145,34,en,
15416,display,45,145,34,en,
31418,paned,57,145,34,en,
15970,dreams,63,145,34,en,
27293,mark,69,145,34,en,
27320,marmont,71,145,34,en,
22462,houston,72,145,34,en,
37326,seasonal,73,145,34,en,
18347,federal,81,145,34,en,
18324,feather,83,145,34,en,
31042,outer,91,145,34,en,
18771,flair,95,145,34,en,
8904,boerum,96,145,34,en,
44392,viewing,118,145,34,en,
23341,inn,126,145,34,en,
12672,completed,143,145,34,en,
17922,exterior,144,145,34,en,
4743,adjoining,168,145,34,en,
27071,manager,199,145,34,en,
25505,lead,205,145,34,en,
2988,4k,212,145,34,en,
18404,fenced,221,145,34,en,
41903,thread,221,145,34,en,
33022,port,221,145,34,en,
43697,upgraded,242,145,34,en,
28783,monuments,281,145,34,en,
39758,stars,287,145,34,en,
18415,fenway,347,145,34,en,
36965,sauna,357,145,34,en,
32802,plush,437,145,34,en,
18894,flooring,483,145,34,en,
35328,rentals,488,145,34,en,
737,14th,573,145,34,en,
40006,stone,590,145,34,en,
13413,corridor,648,145,34,en,
9223,bowl,699,145,34,en,
43738,upscale,789,145,34,en,
18717,fitness,959,145,34,en,
11446,chic,989,145,34,en,
11768,circle,1098,145,34,en,
31158,overlooking,1225,145,34,en,
11055,century,1335,145,34,en,
20862,grill,1610,145,34,en,
40075,story,1836,145,34,en,
14580,decorated,1880,145,34,en,
22382,hotel,2088,145,34,en,
9267,br,2139,145,34,en,
25700,level,2299,145,34,en,
18134,family,4796,145,34,en,
39913,steps,5467,145,34,en,
12536,commercials,16,144.5,33.5,en,
97,1000sqft,16,144.5,33.5,en,
31417,pane,44,144.5,33.5,en,
39692,standalone,44,144.5,33.5,en,
2463,34th,92,144.5,33.5,en,
44351,victorian,1184,144.5,33.5,en,
44424,village,3610,144.5,33.5,en,
6442,artisans,18,144,33,en,
20810,greenway,40,144,33,en,
34976,referred,45,144,33,en,
44011,vanities,47,144,33,en,
14185,cutting,87,144,33,en,
25236,landscaping,117,144,33,en,
38008,shoot,120,144,33,en,
9114,boston,2019,144,33,en,
21895,high,7448,144,33,en,
11936,clawfoot,98,143.5,32.5,en,
23739,ipod,104,143.5,32.5,en,
12788,concrete,206,143.5,32.5,en,
18100,fall,276,143.5,32.5,en,
18237,fashionably,12,143,32,en,
42561,tram,50,143,32,en,
12978,conservatory,85,143,32,en,
23412,inspiring,92,143,32,en,
36925,satellite,154,143,32,en,
14728,delightful,214,143,32,en,
6909,avenues,235,143,32,en,
26141,loaded,245,143,32,en,
37220,screen,2906,143,32,en,
12650,competitive,18,142.5,31.5,en,
9837,bull,42,142.5,31.5,en,
44135,velvet,44,142.5,31.5,en,
7678,bathing,48,142.5,31.5,en,
20320,glamorous,62,142.5,31.5,en,
13280,coolers,11,142,31,en,
23938,jacuzzis,40,142,31,en,
12008,cliff,46,142,31,en,
10182,cabana,50,142,31,en,
26253,lofty,72,142,31,en,
23178,indoors,87,142,31,en,
34623,rated,244,141.5,30.5,en,
12111,club,580,141.5,30.5,en,
21967,hilltop,104,141,30,en,
7781,bd,506,141,30,en,
42459,townhouse,1424,141,30,en,
12615,companies,74,140.5,29.5,en,
3893,86th,92,140.5,29.5,en,
12490,comforters,104,140.5,29.5,en,
28954,mounted,196,140.5,29.5,en,
10940,ceiling,1856,140.5,29.5,en,
15221,diningroom,11,140,29,en,
40455,successful,18,140,29,en,
14579,decorate,32,140,29,en,
6232,architects,41,140,29,en,
14848,depaul,42,140,29,en,
33073,positioned,43,140,29,en,
21909,highlight,45,140,29,en,
13295,cooper,52,140,29,en,
28875,mosaic,54,140,29,en,
10486,canopy,55,140,29,en,
22877,imac,61,140,29,en,
17759,exotic,61,140,29,en,
11720,cienega,61,140,29,en,
17551,ev,67,140,29,en,
28858,moroccan,67,140,29,en,
31621,parquet,71,140,29,en,
27308,marks,75,140,29,en,
6579,assistant,81,140,29,en,
39315,specialty,81,140,29,en,
39851,steal,87,140,29,en,
35315,renovations,91,140,29,en,
38348,sip,93,140,29,en,
13788,credit,93,140,29,en,
18486,fidi,99,140,29,en,
9466,bridges,99,140,29,en,
44233,vernon,107,140,29,en,
43235,ucsf,111,140,29,en,
31348,palace,116,140,29,en,
43513,uniquely,159,140,29,en,
38914,sofabed,183,140,29,en,
4360,abundance,211,140,29,en,
9937,burner,239,140,29,en,
7801,bdr,240,140,29,en,
40774,surf,253,140,29,en,
7460,barbecue,285,140,29,en,
6471,artwork,312,140,29,en,
41534,tempurpedic,361,140,29,en,
18743,fixtures,364,140,29,en,
31502,paradise,374,140,29,en,
25512,leads,404,140,29,en,
19845,game,413,140,29,en,
38689,smaller,434,140,29,en,
26638,lush,495,140,29,en,
32538,pit,548,140,29,en,
22204,homes,581,140,29,en,
16214,dupont,629,140,29,en,
31657,parties,637,140,29,en,
38528,skyline,1024,140,29,en,
20158,getaway,1044,140,29,en,
19824,galleries,1068,140,29,en,
29363,national,1107,140,29,en,
36413,row,1113,140,29,en,
14996,details,1256,140,29,en,
35721,retreat,1330,140,29,en,
9464,bridge,1391,140,29,en,
1355,1br,1499,140,29,en,
38392,situated,1541,140,29,en,
35327,rental,1650,140,29,en,
35255,remodeled,1777,140,29,en,
21953,hill,3230,140,29,en,
30760,open,5699,140,29,en,
17171,entire,5911,140,29,en,
16243,duty,40,139.5,28.5,en,
6934,avid,44,139.5,28.5,en,
13940,crystal,48,139.5,28.5,en,
29745,newer,92,139.5,28.5,en,
37811,shape,98,139.5,28.5,en,
11925,classy,132,139.5,28.5,en,
41639,terrific,136,139.5,28.5,en,
25726,lg,152,139.5,28.5,en,
39918,stereo,312,139.5,28.5,en,
26438,lounging,328,139.5,28.5,en,
30374,oak,336,139.5,28.5,en,
30131,nostalgic,11,139,28,en,
23905,jaccuzzi,13,139,28,en,
13642,coziest,14,139,28,en,
14019,cuisinart,16,139,28,en,
40566,sunbathe,24,139,28,en,
17704,excursions,25,139,28,en,
29216,myriad,45,139,28,en,
18808,flats,49,139,28,en,
37230,screens,57,139,28,en,
38958,solar,81,139,28,en,
40972,swim,93,139,28,en,
11285,chateau,109,139,28,en,
21787,herald,110,139,28,en,
16297,dynamic,139,139,28,en,
42455,townhome,197,139,28,en,
13834,crisp,259,139,28,en,
18612,finished,275,139,28,en,
25225,landmarks,292,139,28,en,
18552,film,301,139,28,en,
18811,flatscreen,414,139,28,en,
6236,architecture,464,139,28,en,
21578,hdtv,469,139,28,en,
40234,stroll,573,139,28,en,
25850,lights,620,139,28,en,
22041,history,749,139,28,en,
5946,apartments,877,139,28,en,
29672,nestled,970,139,28,en,
12077,closets,1199,139,28,en,
15771,doors,1351,139,28,en,
35981,river,2066,139,28,en,
43724,upper,2114,139,28,en,
18544,filled,2387,139,28,en,
12484,comfortably,2587,139,28,en,
43499,union,2739,139,28,en,
39557,square,7009,139,28,en,
29460,neatly,18,138.5,27.5,en,
33886,ps4,78,138.5,27.5,en,
34930,redone,120,138.5,27.5,en,
45615,wine,1264,138.5,27.5,en,
33443,prime,2114,138.5,27.5,en,
15477,distinct,36,138,27,en,
24645,keyed,93,138,27,en,
16714,elevator,2455,138,27,en,
43794,urth,40,137.5,26.5,en,
39678,stall,62,137.5,26.5,en,
24002,japantown,66,137.5,26.5,en,
16939,enchanting,76,137.5,26.5,en,
39393,spiral,116,137.5,26.5,en,
18644,firepit,134,137.5,26.5,en,
46556,über,188,137.5,26.5,en,
46270,yorker,306,137.5,26.5,en,
10197,cabinets,428,137.5,26.5,en,
17460,estates,46,137,26,en,
20217,gift,49,137,26,en,
41530,tempur,128,137,26,en,
16595,efficient,136,137,26,en,
10785,casper,138,137,26,en,
8997,bonus,226,137,26,en,
13217,converts,238,137,26,en,
15330,discover,239,137,26,en,
8482,billiard,32,136.5,25.5,en,
8798,bluray,46,136.5,25.5,en,
11645,christmas,120,136.5,25.5,en,
4362,abundant,194,136.5,25.5,en,
40254,structure,78,136,25,en,
39827,stayed,94,136,25,en,
19067,foods,1491,136,25,en,
21316,handicapped,13,135,24,en,
39213,spaciousness,43,135,24,en,
36006,riviera,54,135,24,en,
1338,1bdr,60,135,24,en,
44794,walkability,62,135,24,en,
22436,housekeeper,74,135,24,en,
6614,astor,77,135,24,en,
15610,dock,81,135,24,en,
15823,doubles,95,135,24,en,
39989,stock,102,135,24,en,
17440,established,111,135,24,en,
19827,galley,118,135,24,en,
25595,legendary,119,135,24,en,
28660,molding,164,135,24,en,
15276,directv,171,135,24,en,
12825,condominium,173,135,24,en,
19236,fountain,178,135,24,en,
42268,tompkins,190,135,24,en,
46173,yards,196,135,24,en,
23344,inner,198,135,24,en,
29666,nest,200,135,24,en,
20871,grills,207,135,24,en,
10215,cabs,211,135,24,en,
42786,trendiest,228,135,24,en,
29405,navy,234,135,24,en,
22604,hundreds,235,135,24,en,
25223,landmark,247,135,24,en,
40069,stories,251,135,24,en,
22114,holiday,281,135,24,en,
23410,inspired,303,135,24,en,
39294,speakers,307,135,24,en,
36426,rowhouse,309,135,24,en,
17546,european,309,135,24,en,
19826,gallery,316,135,24,en,
38628,sliding,335,135,24,en,
17414,espresso,335,135,24,en,
17295,equipment,358,135,24,en,
22776,ideally,411,135,24,en,
12336,collection,412,135,24,en,
8756,blow,415,135,24,en,
7923,beauty,415,135,24,en,
31159,overlooks,427,135,24,en,
25542,leather,473,135,24,en,
30283,numerous,496,135,24,en,
9812,buildings,499,135,24,en,
10023,bustle,508,135,24,en,
42035,tile,532,135,24,en,
13553,court,549,135,24,en,
33823,provides,736,135,24,en,
18598,fine,751,135,24,en,
32422,pier,932,135,24,en,
39302,special,1013,135,24,en,
18173,fantastic,1312,135,24,en,
17870,exposed,1411,135,24,en,
11250,charm,1450,135,24,en,
37648,service,1581,135,24,en,
26430,lounge,1732,135,24,en,
34787,recently,1802,135,24,en,
45814,wood,1993,135,24,en,
45917,world,2430,135,24,en,
18142,famous,2566,135,24,en,
40520,suite,2655,135,24,en,
29574,neighborhoods,2730,135,24,en,
42981,tub,2955,135,24,en,
9312,brand,3829,135,24,en,
22033,historic,3907,135,24,en,
5532,amenities,5327,135,24,en,
18898,floors,5743,135,24,en,
17299,equipped,5918,135,24,en,
15220,dining,8566,135,24,en,
95,1000sq,16,134.5,23.5,en,
12435,comcast,72,134.5,23.5,en,
29368,nationals,76,134.5,23.5,en,
22116,holidays,214,134.5,23.5,en,
36745,saloon,16,134,23,en,
35146,rejuvenate,34,134,23,en,
27983,meter,46,134,23,en,
27479,materials,67,134,23,en,
42941,trust,80,134,23,en,
39256,sparkling,111,134,23,en,
25511,leading,271,134,23,en,
13271,cookware,622,134,23,en,
9938,burners,66,133.5,22.5,en,
17148,entertainment,1682,133.5,22.5,en,
41424,technically,66,133,22,en,
8526,bird,92,133,22,en,
18723,fitted,95,133,22,en,
41819,thermostat,104,133,22,en,
4390,academy,229,133,22,en,
32394,picnic,259,133,22,en,
40182,streets,1518,133,22,en,
43521,unit,5881,133,22,en,
19621,fully,8440,133,22,en,
33544,privilege,12,132.5,21.5,en,
8354,beverlyhills,16,132.5,21.5,en,
17428,essence,38,132.5,21.5,en,
22885,imaginable,40,132.5,21.5,en,
21599,headquarters,46,132.5,21.5,en,
22037,historically,76,132.5,21.5,en,
2905,47,78,132.5,21.5,en,
39464,spotless,118,132.5,21.5,en,
19678,furnishing,122,132.5,21.5,en,
6040,appletv,144,132.5,21.5,en,
37611,serenity,172,132.5,21.5,en,
7596,base,688,132.5,21.5,en,
7865,beamed,46,132,21,en,
10780,casita,68,132,21,en,
855,15th,85,132,21,en,
40786,surfing,94,132,21,en,
19638,functioning,112,132,21,en,
26918,maid,116,132,21,en,
28947,mountains,432,132,21,en,
23062,include,1658,132,21,en,
29155,museums,1835,132,21,en,
21631,heart,10596,132,21,en,
28604,modernly,34,131,20,en,
23733,ipad,52,131,20,en,
6096,appropriate,54,131,20,en,
2027,2bdrm,56,131,20,en,
25764,liberty,191,131,20,en,
11191,channels,853,131,20,en,
43331,unbelievably,22,130.5,19.5,en,
31178,overseas,28,130.5,19.5,en,
22259,honor,50,130.5,19.5,en,
18082,fairway,88,130.5,19.5,en,
10973,cell,412,130.5,19.5,en,
5575,ammenities,11,130,19,en,
41446,teenagers,11,130,19,en,
11480,childhood,11,130,19,en,
12826,condominiums,12,130,19,en,
14942,designing,16,130,19,en,
39925,sterile,19,130,19,en,
40855,sustainable,22,130,19,en,
27380,marvelous,31,130,19,en,
21388,happiness,33,130,19,en,
7461,barbecues,33,130,19,en,
43658,unusually,39,130,19,en,
14953,desires,40,130,19,en,
36440,royal,41,130,19,en,
21974,hilton,49,130,19,en,
15769,doormen,51,130,19,en,
20574,government,53,130,19,en,
6770,audio,63,130,19,en,
31918,pedestrian,65,130,19,en,
13922,cruiser,66,130,19,en,
45858,woodwork,67,130,19,en,
7846,beachy,70,130,19,en,
42869,trolley,71,130,19,en,
19989,gazebo,72,130,19,en,
39328,specious,73,130,19,en,
42854,triple,73,130,19,en,
40033,stoop,91,130,19,en,
45591,wind,94,130,19,en,
26873,magazines,94,130,19,en,
12013,climate,95,130,19,en,
23736,iphone,96,130,19,en,
9802,build,99,130,19,en,
37656,serving,109,130,19,en,
34004,purchased,110,130,19,en,
21656,heaven,123,130,19,en,
40014,stones,123,130,19,en,
23525,intercom,131,130,19,en,
6740,attraction,160,130,19,en,
9361,break,167,130,19,en,
28674,moma,173,130,19,en,
16716,elevators,173,130,19,en,
26835,macy,209,130,19,en,
21963,hillside,230,130,19,en,
17070,enjoyment,237,130,19,en,
23596,intersection,239,130,19,en,
12159,coast,253,130,19,en,
4807,adult,258,130,19,en,
42036,tiled,285,130,19,en,
15207,dine,313,130,19,en,
13694,craftsman,321,130,19,en,
25560,led,345,130,19,en,
11680,church,355,130,19,en,
10520,capital,433,130,19,en,
18857,flight,438,130,19,en,
22642,hustle,441,130,19,en,
18015,faces,460,130,19,en,
45003,watching,476,130,19,en,
33692,promenade,487,130,19,en,
19012,fold,488,130,19,en,
34730,rear,494,130,19,en,
18435,ferry,506,130,19,en,
37609,serene,637,130,19,en,
13480,cottage,673,130,19,en,
7803,bdrm,776,130,19,en,
8321,better,812,130,19,en,
43769,urban,926,130,19,en,
38588,sleeping,1395,130,19,en,
40821,surrounded,1536,130,19,en,
6034,apple,1613,130,19,en,
12671,complete,1619,130,19,en,
9656,brownstone,1738,130,19,en,
30565,office,1890,130,19,en,
9452,brick,1931,130,19,en,
36223,roof,1973,130,19,en,
25941,lined,2102,130,19,en,
36234,rooftop,2342,130,19,en,
43511,unique,2413,130,19,en,
4693,additional,2442,130,19,en,
17807,experience,2888,130,19,en,
25944,linens,2972,130,19,en,
21423,hardwood,3505,130,19,en,
32962,pool,3548,130,19,en,
29754,newly,4178,130,19,en,
13489,couch,4420,130,19,en,
23068,including,4489,130,19,en,
19890,garden,4858,130,19,en,
45229,west,5168,130,19,en,
5477,amazing,5529,130,19,en,
35311,renovated,5634,130,19,en,
44948,washer,6506,130,19,en,
8298,best,8304,130,19,en,
32081,perfect,8540,130,19,en,
42740,treasures,48,129.5,18.5,en,
17987,fab,70,129.5,18.5,en,
17291,equiped,78,129.5,18.5,en,
20228,gigantic,80,129.5,18.5,en,
21902,higher,84,129.5,18.5,en,
15374,dishware,84,129.5,18.5,en,
37763,shade,96,129.5,18.5,en,
25417,laurel,140,129.5,18.5,en,
12192,cocktail,202,129.5,18.5,en,
12534,commercial,212,129.5,18.5,en,
38739,smithsonian,232,129.5,18.5,en,
34624,rates,294,129.5,18.5,en,
1536,2016,320,129.5,18.5,en,
41102,tables,360,129.5,18.5,en,
4474,accommodations,414,129.5,18.5,en,
16914,en,660,129.5,18.5,en,
34774,reccomendations,11,129,18,en,
2016,2bathrooms,12,129,18,en,
10956,celebrates,13,129,18,en,
39742,stargazing,13,129,18,en,
23903,jaccuzi,17,129,18,en,
37966,shiny,39,129,18,en,
21315,handicap,39,129,18,en,
19084,football,41,129,18,en,
6011,appeal,41,129,18,en,
39453,sporting,47,129,18,en,
15274,directtv,51,129,18,en,
10685,carport,53,129,18,en,
8202,benefit,53,129,18,en,
27984,metered,55,129,18,en,
33787,protected,62,129,18,en,
36069,robes,62,129,18,en,
39061,soothing,65,129,18,en,
25798,lies,78,129,18,en,
28087,michelin,79,129,18,en,
37546,sent,80,129,18,en,
45195,welcomes,99,129,18,en,
24124,jewel,121,129,18,en,
32763,plethora,129,129,18,en,
10381,cambridge,151,129,18,en,
16086,dryers,167,129,18,en,
31212,owners,253,129,18,en,
36675,safeway,281,129,18,en,
32324,photo,307,129,18,en,
1537,2017,328,129,18,en,
23195,industrial,328,129,18,en,
39693,standard,349,129,18,en,
10278,cal,362,129,18,en,
43055,turn,393,129,18,en,
32742,pleasure,425,129,18,en,
5865,antique,425,129,18,en,
26002,list,427,129,18,en,
26953,maintained,459,129,18,en,
38215,sights,462,129,18,en,
23850,italy,486,129,18,en,
25672,les,521,129,18,en,
17068,enjoying,538,129,18,en,
17690,exciting,554,129,18,en,
3354,60,579,129,18,en,
31211,owner,687,129,18,en,
13569,courtyard,898,129,18,en,
14574,decor,1062,129,18,en,
18034,facing,1277,129,18,en,
20657,grand,1350,129,18,en,
5131,airy,1372,129,18,en,
9820,built,2187,129,18,en,
44149,venice,2234,129,18,en,
22773,ideal,2286,129,18,en,
11032,centrally,2611,129,18,en,
6741,attractions,2747,129,18,en,
21128,gym,2874,129,18,en,
40346,style,3165,129,18,en,
11259,charming,4656,129,18,en,
10201,cable,5797,129,18,en,
38023,shopping,6636,129,18,en,
19778,gadgets,44,128.5,17.5,en,
11062,ceramic,92,128.5,17.5,en,
5917,ap,42,128,17,en,
33067,posh,75,128,17,en,
8091,beginning,94,128,17,en,
9405,breezes,119,128,17,en,
26347,looks,441,128,17,en,
25305,larger,478,128,17,en,
37651,services,570,128,17,en,
10505,canyon,754,128,17,en,
32365,pianos,26,127.5,16.5,en,
34331,quietest,62,127.5,16.5,en,
38683,smack,120,127.5,16.5,en,
32967,pools,178,127.5,16.5,en,
36050,roasting,12,127,16,en,
8415,bidet,40,127,16,en,
15699,domestic,42,127,16,en,
20947,grown,62,127,16,en,
20010,gear,85,127,16,en,
41984,tickets,92,127,16,en,
39814,statue,163,127,16,en,
9658,brownstones,238,127,16,en,
35847,rich,316,127,16,en,
36328,rose,616,127,16,en,
33736,proper,130,126.5,15.5,en,
46415,zen,446,126.5,15.5,en,
7672,bathe,23,126,15,en,
35279,renaissance,54,126,15,en,
34345,quincy,58,126,15,en,
9044,booming,60,126,15,en,
33723,proof,78,126,15,en,
44066,vast,81,126,15,en,
41364,taxis,274,126,15,en,
14991,detached,302,126,15,en,
26435,lounges,321,126,15,en,
13281,coolest,415,126,15,en,
11212,character,704,126,15,en,
10321,california,1393,126,15,en,
18887,floor,12528,126,15,en,
8339,bev,44,125.5,14.5,en,
15200,dimmers,35,125,14,en,
30819,optimal,38,125,14,en,
44493,virginia,41,125,14,en,
23418,instagram,42,125,14,en,
14104,curl,42,125,14,en,
25349,latex,43,125,14,en,
26227,lodge,44,125,14,en,
19027,folk,44,125,14,en,
11197,chaos,44,125,14,en,
27862,memories,46,125,14,en,
20101,genuine,47,125,14,en,
13585,cove,50,125,14,en,
17177,entirety,51,125,14,en,
41505,temperpedic,51,125,14,en,
22525,hubs,52,125,14,en,
30138,notable,55,125,14,en,
21258,hallways,56,125,14,en,
32968,poolside,58,125,14,en,
37285,seafood,59,125,14,en,
20581,gowanus,63,125,14,en,
26972,majestic,63,125,14,en,
10309,cali,67,125,14,en,
31390,palos,67,125,14,en,
44202,verdes,68,125,14,en,
25127,lafayette,74,125,14,en,
1339,1bdrm,80,125,14,en,
1341,1bed,82,125,14,en,
36325,roscoe,84,125,14,en,
40193,stress,85,125,14,en,
18403,fence,86,125,14,en,
40519,suitcases,86,125,14,en,
12212,codes,87,125,14,en,
7845,beachwood,87,125,14,en,
43698,upgrades,88,125,14,en,
41555,tenement,89,125,14,en,
45477,wii,89,125,14,en,
24717,killer,90,125,14,en,
30644,olive,92,125,14,en,
11086,certainly,94,125,14,en,
42754,treehouse,95,125,14,en,
13267,cooktop,98,125,14,en,
13251,cooked,101,125,14,en,
4327,abound,105,125,14,en,
39856,steamer,107,125,14,en,
10814,castle,113,125,14,en,
25516,leafy,116,125,14,en,
42882,tropical,118,125,14,en,
1346,1bedroom,119,125,14,en,
34330,quieter,120,125,14,en,
45940,worth,122,125,14,en,
19062,foodie,123,125,14,en,
16708,elevated,128,125,14,en,
45986,wrigleyville,130,125,14,en,
34786,recent,133,125,14,en,
18287,favorites,141,125,14,en,
40629,sunrise,141,125,14,en,
35468,reserve,153,125,14,en,
26450,loved,157,125,14,en,
44117,vehicle,163,125,14,en,
27526,mature,165,125,14,en,
1329,1bath,171,125,14,en,
42577,tranquility,173,125,14,en,
25718,lexington,181,125,14,en,
30628,oldest,187,125,14,en,
6377,arrangements,195,125,14,en,
14181,cutlery,196,125,14,en,
19020,folds,206,125,14,en,
37690,setup,206,125,14,en,
5316,alley,211,125,14,en,
26207,lockbox,211,125,14,en,
13007,consists,216,125,14,en,
9422,brentwood,256,125,14,en,
14977,destination,274,125,14,en,
21225,hairdryer,290,125,14,en,
24194,joes,301,125,14,en,
35173,relaxation,303,125,14,en,
27972,met,303,125,14,en,
44818,walkup,303,125,14,en,
21999,hippest,313,125,14,en,
22519,hub,332,125,14,en,
1219,1920,333,125,14,en,
33825,providing,359,125,14,en,
27553,maximum,360,125,14,en,
13567,courts,384,125,14,en,
37392,secured,388,125,14,en,
35431,required,400,125,14,en,
37356,secluded,412,125,14,en,
19851,games,412,125,14,en,
41697,th,418,125,14,en,
36807,sanctuary,431,125,14,en,
23831,issues,437,125,14,en,
42991,tucked,443,125,14,en,
1335,1bd,446,125,14,en,
19391,freezer,447,125,14,en,
19635,functional,448,125,14,en,
7315,bakery,448,125,14,en,
2801,42,452,125,14,en,
42533,trail,453,125,14,en,
5343,allows,470,125,14,en,
26211,locked,482,125,14,en,
35802,rey,483,125,14,en,
13528,country,497,125,14,en,
23765,ironing,498,125,14,en,
37680,setting,501,125,14,en,
41190,tall,503,125,14,en,
13210,converted,510,125,14,en,
39146,southern,512,125,14,en,
4347,absolutely,524,125,14,en,
45439,wide,530,125,14,en,
29476,necessary,539,125,14,en,
4470,accommodates,549,125,14,en,
5336,allow,550,125,14,en,
38374,sites,551,125,14,en,
31757,path,557,125,14,en,
16396,eastern,660,125,14,en,
28341,minimum,666,125,14,en,
10027,bustling,666,125,14,en,
23842,italian,667,125,14,en,
8462,bikes,683,125,14,en,
16028,driveway,704,125,14,en,
40978,swimming,739,125,14,en,
21405,hard,742,125,14,en,
9872,bungalow,766,125,14,en,
35775,reviews,770,125,14,en,
16252,dvd,799,125,14,en,
24929,known,834,125,14,en,
44840,walls,1059,125,14,en,
31443,pans,1154,125,14,en,
11524,chinatown,1166,125,14,en,
33143,pots,1196,125,14,en,
19399,french,1252,125,14,en,
20922,ground,1261,125,14,en,
38695,smart,1361,125,14,en,
12674,completely,1500,125,14,en,
44822,wall,1502,125,14,en,
11132,chairs,1534,125,14,en,
28149,middle,1624,125,14,en,
12471,comfort,1667,125,14,en,
44321,vibrant,1705,125,14,en,
41733,theater,1755,125,14,en,
4467,accommodate,1763,125,14,en,
43749,upstairs,1784,125,14,en,
44963,washington,1786,125,14,en,
45670,wireless,1795,125,14,en,
42795,trendy,1842,125,14,en,
21241,half,1945,125,14,en,
45800,wonderful,2119,125,14,en,
29879,nightlife,2256,125,14,en,
6908,avenue,2283,125,14,en,
19473,friends,2396,125,14,en,
7447,bar,2403,125,14,en,
46169,yard,2793,125,14,en,
7345,balcony,2951,125,14,en,
27298,market,3035,125,14,en,
38579,sleep,3115,125,14,en,
39610,st,3252,125,14,en,
6410,art,3504,125,14,en,
37563,separate,3596,125,14,en,
32320,phone,3757,125,14,en,
30552,offer,3869,125,14,en,
31768,patio,3890,125,14,en,
41099,table,4509,125,14,en,
16390,east,4952,125,14,en,
44387,view,5016,125,14,en,
45602,windows,5437,125,14,en,
11006,center,6740,125,14,en,
16083,dryer,7236,125,14,en,
11024,central,7469,125,14,en,
9810,building,11626,125,14,en,
26192,location,12718,125,14,en,
29727,new,13512,125,14,en,
34257,queen,13719,125,14,en,
11845,cityscape,12,124.5,13.5,en,
24107,jet,72,124.5,13.5,en,
20482,golf,342,124.5,13.5,en,
31674,party,542,124.5,13.5,en,
22035,historical,680,124.5,13.5,en,
21804,heritage,41,124,13,en,
21779,henry,41,124,13,en,
17289,equip,56,124,13,en,
39319,specifically,74,124,13,en,
14685,delancey,74,124,13,en,
27172,mansion,262,124,13,en,
26197,locations,524,124,13,en,
15230,dinner,721,124,13,en,
7665,bath,8616,124,13,en,
7913,beautiful,13173,124,13,en,
25300,large,13656,124,13,en,
33802,proudly,12,123.5,12.5,en,
35447,research,44,123,12,en,
25231,landscape,105,123,12,en,
8793,bluetooth,199,123,12,en,
28944,mountain,460,123,12,en,
13054,contact,1579,123,12,en,
39203,spacious,12263,123,12,en,
22172,home,16538,123,12,en,
33272,preferable,12,122.5,11.5,en,
38349,sipping,42,122.5,11.5,en,
22332,horseback,42,122.5,11.5,en,
6148,apts,44,122.5,11.5,en,
24395,justice,48,122.5,11.5,en,
21647,heaters,68,122.5,11.5,en,
31010,ottoman,92,122.5,11.5,en,
44950,washers,94,122.5,11.5,en,
20046,gems,114,122.5,11.5,en,
10260,café,136,122.5,11.5,en,
6744,attractive,138,122.5,11.5,en,
38524,skylight,394,122.5,11.5,en,
42573,tranquil,566,122.5,11.5,en,
37391,secure,1082,122.5,11.5,en,
31109,oven,2346,122.5,11.5,en,
35501,resides,46,122,11,en,
4304,ability,78,122,11,en,
16268,dwelling,90,122,11,en,
12559,commons,120,122,11,en,
30557,offering,624,122,11,en,
30083,north,2310,122,11,en,
46269,york,4144,122,11,en,
21670,hectic,44,121.5,10.5,en,
1189,1900,126,121.5,10.5,en,
31039,outdoors,648,121.5,10.5,en,
42506,trader,766,121.5,10.5,en,
23374,insane,12,121,10,en,
25165,lakeshore,41,121,10,en,
23406,inspiration,57,121,10,en,
14032,culinary,81,121,10,en,
43352,uncluttered,90,121,10,en,
25943,linen,436,121,10,en,
12697,complimentary,673,121,10,en,
46144,yachts,12,120,9,en,
44556,vivid,15,120,9,en,
20755,greatly,23,120,9,en,
34626,rating,41,120,9,en,
37044,scandinavian,41,120,9,en,
40569,sunbathing,41,120,9,en,
12706,composed,41,120,9,en,
14208,cycling,42,120,9,en,
14070,cupboards,42,120,9,en,
7628,basin,42,120,9,en,
41272,taqueria,43,120,9,en,
36667,safely,43,120,9,en,
38966,sole,45,120,9,en,
35044,refundable,45,120,9,en,
24919,knotts,45,120,9,en,
41107,tableware,46,120,9,en,
45497,wildlife,47,120,9,en,
8843,boarding,47,120,9,en,
18847,flexibility,48,120,9,en,
4790,adorned,50,120,9,en,
18238,fashioned,51,120,9,en,
27173,mansions,51,120,9,en,
18443,festival,52,120,9,en,
32468,pillowtop,53,120,9,en,
43657,unusual,55,120,9,en,
37067,scenery,57,120,9,en,
33356,president,58,120,9,en,
25619,leisurely,61,120,9,en,
34607,rarity,63,120,9,en,
44820,walkway,63,120,9,en,
21880,hide,69,120,9,en,
17444,establishments,74,120,9,en,
14584,decorations,78,120,9,en,
4476,accomodate,79,120,9,en,
36390,roughly,80,120,9,en,
25533,lease,81,120,9,en,
12150,coach,83,120,9,en,
13995,cubs,86,120,9,en,
18929,flower,86,120,9,en,
437,11th,90,120,9,en,
453,120,91,120,9,en,
5628,amtrak,91,120,9,en,
12878,confirm,93,120,9,en,
9550,broad,94,120,9,en,
33141,potomac,94,120,9,en,
14433,daylight,95,120,9,en,
17434,essex,95,120,9,en,
20702,grass,95,120,9,en,
35219,remain,95,120,9,en,
3098,52,97,120,9,en,
44912,warmer,97,120,9,en,
10388,camera,97,120,9,en,
20986,guarantee,98,120,9,en,
24815,kit,99,120,9,en,
41433,technology,106,120,9,en,
13154,convection,115,120,9,en,
9438,brewery,128,120,9,en,
25160,lakefront,130,120,9,en,
35047,refurbished,142,120,9,en,
6374,arranged,142,120,9,en,
11037,centre,143,120,9,en,
42037,tiles,153,120,9,en,
16246,duvet,167,120,9,en,
24325,juicer,171,120,9,en,
25168,lakeview,183,120,9,en,
27422,mass,183,120,9,en,
27858,memorable,186,120,9,en,
33410,prewar,189,120,9,en,
33433,pride,190,120,9,en,
6373,arrange,190,120,9,en,
20753,greatest,191,120,9,en,
46091,xbox,193,120,9,en,
37368,secret,203,120,9,en,
37325,season,209,120,9,en,
38335,singles,228,120,9,en,
5994,app,238,120,9,en,
35469,reserved,239,120,9,en,
41417,tech,249,120,9,en,
37467,selection,252,120,9,en,
14952,desired,273,120,9,en,
24034,jazz,275,120,9,en,
14602,dedicated,310,120,9,en,
29480,necessities,314,120,9,en,
27540,max,323,120,9,en,
17063,enjoyable,329,120,9,en,
36280,roomy,344,120,9,en,
8469,biking,360,120,9,en,
28024,metropolitan,366,120,9,en,
36547,rustic,371,120,9,en,
23999,japanese,371,120,9,en,
29815,nicely,384,120,9,en,
20209,giant,402,120,9,en,
23112,incredibly,406,120,9,en,
45982,wrigley,407,120,9,en,
18206,farmer,409,120,9,en,
9179,boulevard,410,120,9,en,
38218,sightseeing,413,120,9,en,
21834,hesitate,422,120,9,en,
46205,yellow,425,120,9,en,
33682,projector,431,120,9,en,
10179,cab,443,120,9,en,
35466,reservation,464,120,9,en,
20773,greene,473,120,9,en,
45824,wooden,484,120,9,en,
20294,gives,485,120,9,en,
16076,dry,500,120,9,en,
23704,inviting,505,120,9,en,
32363,piano,511,120,9,en,
38103,shows,520,120,9,en,
31282,pad,522,120,9,en,
30036,nook,527,120,9,en,
24189,joe,528,120,9,en,
661,14,545,120,9,en,
38368,sit,546,120,9,en,
32338,photos,572,120,9,en,
40221,strip,577,120,9,en,
6818,authentic,588,120,9,en,
41575,tennis,599,120,9,en,
14680,del,604,120,9,en,
22444,houses,604,120,9,en,
12931,connected,628,120,9,en,
21306,hand,645,120,9,en,
24745,kind,753,120,9,en,
17433,essentials,807,120,9,en,
25843,lighting,813,120,9,en,
39236,spanish,839,120,9,en,
44795,walkable,844,120,9,en,
41737,theatre,856,120,9,en,
33846,proximity,897,120,9,en,
17860,exploring,929,120,9,en,
34211,quaint,970,120,9,en,
7706,bathtub,980,120,9,en,
29095,multiple,1027,120,9,en,
5603,ample,1131,120,9,en,
17952,extremely,1255,120,9,en,
32992,popular,1260,120,9,en,
19955,gated,1276,120,9,en,
17663,excellent,1288,120,9,en,
38372,site,1320,120,9,en,
43863,utensils,1390,120,9,en,
26817,machine,1416,120,9,en,
25545,leave,1510,120,9,en,
25802,life,1595,120,9,en,
16386,easily,1821,120,9,en,
35179,relaxing,1839,120,9,en,
26989,maker,2023,120,9,en,
22375,hot,2071,120,9,en,
28174,midtown,2104,120,9,en,
15820,double,2250,120,9,en,
42288,tons,2397,120,9,en,
43116,twin,2691,120,9,en,
40085,stove,2708,120,9,en,
35172,relax,2758,120,9,en,
26977,major,2794,120,9,en,
10570,car,2829,120,9,en,
17932,extra,2872,120,9,en,
21961,hills,3127,120,9,en,
10241,cafes,3282,120,9,en,
1767,24,3337,120,9,en,
23064,includes,3829,120,9,en,
25948,lines,3880,120,9,en,
22541,huge,4024,120,9,en,
27522,mattress,4633,120,9,en,
23574,internet,4871,120,9,en,
9484,bright,5169,120,9,en,
38042,short,5458,120,9,en,
30330,nyc,5471,120,9,en,
5049,air,5522,120,9,en,
7822,beach,6067,120,9,en,
6132,apt,7185,120,9,en,
38030,shops,8148,120,9,en,
8712,block,9077,120,9,en,
8722,blocks,10974,120,9,en,
43092,tv,12107,120,9,en,
11822,city,13338,120,9,en,
40171,street,15757,120,9,en,
26185,located,19309,120,9,en,
35593,restaurants,22825,120,9,en,
9473,brief,42,119.5,8.5,en,
31013,ou,44,119.5,8.5,en,
9454,bricks,44,119.5,8.5,en,
6100,approved,46,119.5,8.5,en,
29816,nicer,48,119.5,8.5,en,
40680,superhost,74,119.5,8.5,en,
45889,worked,94,119.5,8.5,en,
37684,settled,102,119.5,8.5,en,
39694,standards,274,119.5,8.5,en,
44012,vanity,300,119.5,8.5,en,
17568,evening,544,119.5,8.5,en,
37398,security,1032,119.5,8.5,en,
34878,recreation,155,119,8,en,
29818,nicest,191,119,8,en,
37529,sense,211,119,8,en,
27886,mention,275,119,8,en,
21883,hideaway,307,119,8,en,
21914,highly,344,119,8,en,
29384,nature,430,119,8,en,
31697,pass,472,119,8,en,
19695,furry,534,119,8,en,
18032,facilities,608,119,8,en,
12209,code,732,119,8,en,
33232,pre,761,119,8,en,
18286,favorite,902,119,8,en,
42412,tourist,1027,119,8,en,
23760,iron,1254,119,8,en,
28139,mid,1268,119,8,en,
12815,conditioning,1420,119,8,en,
13170,convenience,1578,119,8,en,
15871,downstairs,1636,119,8,en,
17853,explore,1692,119,8,en,
40639,sunset,1925,119,8,en,
8353,beverly,1947,119,8,en,
13179,conveniently,2220,119,8,en,
29153,museum,2725,119,8,en,
26934,main,3302,119,8,en,
40282,studio,6527,119,8,en,
25830,light,7688,119,8,en,
15463,distance,11118,119,8,en,
44807,walking,12321,119,8,en,
5939,apartment,27001,119,8,en,
31877,peacefully,39,118,7,en,
32381,picked,69,118,7,en,
4469,accommodated,71,118,7,en,
44527,visits,91,118,7,en,
10798,cast,97,118,7,en,
40822,surrounding,470,118,7,en,
27838,melrose,504,118,7,en,
32407,pictures,619,118,7,en,
15267,directly,1307,118,7,en,
35423,request,1571,118,7,en,
29380,natural,3233,118,7,en,
38086,shower,4908,118,7,en,
13542,couples,6402,118,7,en,
9995,business,7072,118,7,en,
44786,walk,19094,118,7,en,
7998,bedroom,27949,118,7,en,
17398,especially,479,104,-7,en,
25583,left,519,104,-7,en,
38268,silver,733,104,-7,en,
42693,travel,1517,104,-7,en,
5725,angeles,3331,104,-7,en,
12436,come,3481,104,-7,en,
13454,cost,440,103.5,-7.5,en,
21219,hair,1072,103.5,-7.5,en,
36089,rock,565,103,-8,en,
30887,organic,671,103,-8,en,
46213,yes,757,103,-8,en,
26041,litter,42,102.5,-8.5,en,
10986,cement,44,102.5,-8.5,en,
14517,dec,88,102.5,-8.5,en,
33408,previous,94,102.5,-8.5,en,
3290,5pm,69,102,-9,en,
38484,skip,95,102,-9,en,
22972,important,461,102,-9,en,
12681,complex,695,102,-9,en,
28551,moca,47,101,-10,en,
45842,woodley,94,101,-10,en,
40295,study,356,101,-10,en,
32148,permit,399,101,-10,en,
26063,lived,732,100.5,-10.5,en,
40390,subleasing,11,100,-11,en,
11051,cents,19,100,-11,en,
35894,ridiculously,27,100,-11,en,
26509,lrg,41,100,-11,en,
9189,boundary,41,100,-11,en,
6338,armory,41,100,-11,en,
15212,dinette,41,100,-11,en,
39890,stella,41,100,-11,en,
43006,tuft,42,100,-11,en,
45796,wonder,43,100,-11,en,
21358,hangouts,43,100,-11,en,
32209,peruvian,44,100,-11,en,
38847,snuggle,45,100,-11,en,
10680,carpeting,47,100,-11,en,
22199,homemade,52,100,-11,en,
25482,lazy,57,100,-11,en,
45611,windsor,58,100,-11,en,
17635,ex,58,100,-11,en,
43470,unfurnished,64,100,-11,en,
29983,noises,67,100,-11,en,
8888,bodega,67,100,-11,en,
16384,easiest,68,100,-11,en,
24375,jungle,69,100,-11,en,
43526,univ,70,100,-11,en,
41885,thoroughly,75,100,-11,en,
34404,race,77,100,-11,en,
9078,borders,81,100,-11,en,
39398,spirit,82,100,-11,en,
24097,jersey,83,100,-11,en,
3217,59th,83,100,-11,en,
15035,devices,84,100,-11,en,
26465,loveseat,87,100,-11,en,
13018,constantly,88,100,-11,en,
26460,lover,88,100,-11,en,
46271,yorkers,88,100,-11,en,
8348,beverages,89,100,-11,en,
28785,mood,90,100,-11,en,
34862,recording,91,100,-11,en,
43264,ukrainian,91,100,-11,en,
21079,guitar,91,100,-11,en,
7277,bagel,91,100,-11,en,
23754,irish,91,100,-11,en,
19687,furnitures,92,100,-11,en,
34534,ramen,93,100,-11,en,
14583,decoration,93,100,-11,en,
30090,northeast,93,100,-11,en,
13769,creates,94,100,-11,en,
15564,division,95,100,-11,en,
32399,pico,95,100,-11,en,
6753,atwater,96,100,-11,en,
4432,accessibility,97,100,-11,en,
45489,wild,98,100,-11,en,
36740,salon,98,100,-11,en,
33601,produce,98,100,-11,en,
43799,usa,99,100,-11,en,
5548,americana,101,100,-11,en,
44186,venue,101,100,-11,en,
6376,arrangement,103,100,-11,en,
35616,restful,104,100,-11,en,
43541,universities,109,100,-11,en,
13752,crazy,129,100,-11,en,
20031,gel,133,100,-11,en,
37137,schools,142,100,-11,en,
20764,greek,155,100,-11,en,
6946,avoid,158,100,-11,en,
25990,liquor,185,100,-11,en,
15633,dodger,190,100,-11,en,
42492,track,200,100,-11,en,
15678,dollar,207,100,-11,en,
22004,hipster,226,100,-11,en,
26462,lovers,239,100,-11,en,
15324,discount,241,100,-11,en,
24367,junction,248,100,-11,en,
4828,adventures,252,100,-11,en,
23963,jamaica,261,100,-11,en,
26378,lorimer,261,100,-11,en,
26410,loud,275,100,-11,en,
10750,casa,277,100,-11,en,
45934,worry,283,100,-11,en,
29445,nearest,303,100,-11,en,
7486,barclay,306,100,-11,en,
8923,bohemian,329,100,-11,en,
43761,uptown,373,100,-11,en,
10172,ca,395,100,-11,en,
29974,noho,395,100,-11,en,
39049,soon,400,100,-11,en,
42417,tourists,408,100,-11,en,
15642,doesn,408,100,-11,en,
25286,laptop,409,100,-11,en,
25866,likely,414,100,-11,en,
19562,fruit,415,100,-11,en,
36030,road,421,100,-11,en,
20552,got,422,100,-11,en,
4783,adorable,434,100,-11,en,
37538,sensitive,437,100,-11,en,
6450,artistic,442,100,-11,en,
12091,clothing,453,100,-11,en,
8173,belongings,454,100,-11,en,
41712,thank,458,100,-11,en,
36520,running,464,100,-11,en,
13473,cosy,468,100,-11,en,
2850,45,471,100,-11,en,
12071,closest,472,100,-11,en,
32463,pillow,475,100,-11,en,
22221,homey,477,100,-11,en,
28325,minimal,501,100,-11,en,
33307,premises,501,100,-11,en,
16644,el,508,100,-11,en,
34837,recommend,510,100,-11,en,
14192,cvs,519,100,-11,en,
21624,hear,519,100,-11,en,
24607,kept,531,100,-11,en,
5547,american,564,100,-11,en,
43833,using,566,100,-11,en,
44526,visitors,569,100,-11,en,
39690,stand,584,100,-11,en,
19465,friend,591,100,-11,en,
11227,charge,596,100,-11,en,
20798,greenpoint,605,100,-11,en,
16004,drink,612,100,-11,en,
28832,morgan,612,100,-11,en,
43232,ucla,613,100,-11,en,
14283,daily,626,100,-11,en,
16100,dtla,630,100,-11,en,
32646,plants,639,100,-11,en,
6393,arrive,641,100,-11,en,
135,101,654,100,-11,en,
26314,longer,660,100,-11,en,
36512,run,661,100,-11,en,
28292,mind,665,100,-11,en,
6691,attached,739,100,-11,en,
21535,having,751,100,-11,en,
42953,try,766,100,-11,en,
23260,information,767,100,-11,en,
44047,variety,774,100,-11,en,
6460,arts,785,100,-11,en,
42651,transport,797,100,-11,en,
26706,lyft,799,100,-11,en,
42215,toiletries,801,100,-11,en,
18185,far,819,100,-11,en,
44308,vibe,819,100,-11,en,
29884,nights,842,100,-11,en,
6447,artist,1061,100,-11,en,
23803,island,1218,100,-11,en,
38762,smoking,1239,100,-11,en,
14439,days,1326,100,-11,en,
25157,lake,1359,100,-11,en,
41600,term,1399,100,-11,en,
40548,summer,1475,100,-11,en,
6981,awesome,1519,100,-11,en,
9007,book,1548,100,-11,en,
44909,warm,1678,100,-11,en,
11450,chicago,1701,100,-11,en,
12587,community,1833,100,-11,en,
45063,way,2007,100,-11,en,
28230,miles,2080,100,-11,en,
9373,breakfast,2126,100,-11,en,
31874,peaceful,2217,100,-11,en,
35324,rent,2239,100,-11,en,
7608,basement,2266,100,-11,en,
15722,don,2325,100,-11,en,
38334,single,2420,100,-11,en,
13539,couple,2581,100,-11,en,
35033,refrigerator,2815,100,-11,en,
45542,williamsburg,3042,100,-11,en,
26049,little,3148,100,-11,en,
6256,areas,3267,100,-11,en,
26388,los,3698,100,-11,en,
44886,want,3876,100,-11,en,
34304,questions,3995,100,-11,en,
13177,convenient,4085,100,-11,en,
17192,entrance,4242,100,-11,en,
29866,night,4252,100,-11,en,
8432,big,5005,100,-11,en,
4827,adventurers,5094,100,-11,en,
28004,metro,5293,100,-11,en,
26061,live,5298,100,-11,en,
25934,line,5508,100,-11,en,
22144,hollywood,5615,100,-11,en,
26402,lots,5713,100,-11,en,
38686,small,5807,100,-11,en,
25403,laundry,6460,100,-11,en,
42699,travelers,6493,100,-11,en,
32033,people,7018,100,-11,en,
20496,good,7702,100,-11,en,
26448,love,8474,100,-11,en,
27121,manhattan,9984,100,-11,en,
28401,minutes,11713,100,-11,en,
32601,place,14830,100,-11,en,
4425,access,18550,100,-11,en,
19468,friendliest,24,99.5,-11.5,en,
32154,permitting,42,99.5,-11.5,en,
19612,fullerton,42,99.5,-11.5,en,
17514,ethnically,44,99.5,-11.5,en,
38112,shrine,46,99.5,-11.5,en,
37442,segundo,48,99.5,-11.5,en,
11501,chilling,52,99.5,-11.5,en,
25217,landlord,74,99.5,-11.5,en,
29283,nail,82,99.5,-11.5,en,
6175,ar,86,99.5,-11.5,en,
31136,overhead,86,99.5,-11.5,en,
23981,jan,88,99.5,-11.5,en,
18247,fastest,98,99.5,-11.5,en,
42684,trash,150,99.5,-11.5,en,
33905,pub,152,99.5,-11.5,en,
14116,currently,402,99.5,-11.5,en,
39824,staycation,11,99,-12,en,
7955,bedbug,11,99,-12,en,
45494,wilderness,15,99,-12,en,
22000,hippie,17,99,-12,en,
16463,eccentric,27,99,-12,en,
43586,unoccupied,30,99,-12,en,
23130,independence,32,99,-12,en,
25833,lighted,41,99,-12,en,
45582,wiltern,41,99,-12,en,
43476,uni,43,99,-12,en,
15114,didn,43,99,-12,en,
34593,rapidly,43,99,-12,en,
26545,luck,43,99,-12,en,
23514,interactions,45,99,-12,en,
32168,persian,46,99,-12,en,
37002,sawtelle,47,99,-12,en,
7203,bachelor,47,99,-12,en,
40480,sufficient,49,99,-12,en,
22005,hipsters,49,99,-12,en,
5405,altadena,49,99,-12,en,
28332,minimally,61,99,-12,en,
42303,toothbrush,63,99,-12,en,
37758,shabby,69,99,-12,en,
30470,occupants,77,99,-12,en,
9252,boystown,79,99,-12,en,
12996,considering,82,99,-12,en,
44625,vons,83,99,-12,en,
42410,tourism,84,99,-12,en,
34003,purchase,84,99,-12,en,
45812,wont,84,99,-12,en,
21378,happen,87,99,-12,en,
20751,greater,88,99,-12,en,
38366,sister,89,99,-12,en,
41325,tasty,89,99,-12,en,
33306,premise,91,99,-12,en,
46342,yummy,91,99,-12,en,
30041,noon,91,99,-12,en,
28904,mother,93,99,-12,en,
24993,kosher,93,99,-12,en,
9093,boroughs,94,99,-12,en,
33182,power,95,99,-12,en,
32391,pickup,95,99,-12,en,
28433,mirrored,97,99,-12,en,
1971,29,97,99,-12,en,
27848,members,99,99,-12,en,
12594,commuter,115,99,-12,en,
33227,pratt,135,99,-12,en,
43466,unfortunately,181,99,-12,en,
15542,diversity,190,99,-12,en,
23429,instant,208,99,-12,en,
42099,tiny,230,99,-12,en,
5053,airbed,237,99,-12,en,
33576,problem,285,99,-12,en,
30626,older,291,99,-12,en,
23164,individual,315,99,-12,en,
10417,campus,349,99,-12,en,
14479,deal,363,99,-12,en,
15400,disneyland,372,99,-12,en,
46035,www,406,99,-12,en,
14911,description,420,99,-12,en,
23536,interested,427,99,-12,en,
35174,relaxed,438,99,-12,en,
4842,advice,440,99,-12,en,
41715,thanks,451,99,-12,en,
12421,com,455,99,-12,en,
25899,limited,472,99,-12,en,
19213,forward,482,99,-12,en,
26565,luggage,515,99,-12,en,
12765,concerns,516,99,-12,en,
32731,pleasant,516,99,-12,en,
22371,hosting,526,99,-12,en,
28771,months,554,99,-12,en,
40502,suggestions,558,99,-12,en,
12270,coin,558,99,-12,en,
42526,traffic,595,99,-12,en,
32569,pizza,613,99,-12,en,
13908,crown,635,99,-12,en,
37473,self,654,99,-12,en,
16359,early,663,99,-12,en,
20898,groceries,665,99,-12,en,
28768,month,672,99,-12,en,
22373,hosts,682,99,-12,en,
42112,tips,688,99,-12,en,
21257,hallway,690,99,-12,en,
5340,allowed,705,99,-12,en,
23513,interaction,720,99,-12,en,
42213,toilet,750,99,-12,en,
26073,lives,752,99,-12,en,
39629,stadium,754,99,-12,en,
6456,artists,759,99,-12,en,
45196,welcoming,759,99,-12,en,
33271,prefer,774,99,-12,en,
13644,coziness,1032,99,-12,en,
37789,shampoo,1339,99,-12,en,
33418,price,1352,99,-12,en,
43535,universal,1416,99,-12,en,
40054,storage,1484,99,-12,en,
35570,rest,1656,99,-12,en,
24637,key,1709,99,-12,en,
40290,studios,1837,99,-12,en,
13275,cool,2352,99,-12,en,
19453,fridge,2976,99,-12,en,
21390,happy,3164,99,-12,en,
35876,ride,3408,99,-12,en,
33503,privacy,3523,99,-12,en,
40063,stores,3771,99,-12,en,
20900,grocery,3838,99,-12,en,
36273,rooms,3937,99,-12,en,
42552,trains,4045,99,-12,en,
12498,comfy,4304,99,-12,en,
40036,stop,4520,99,-12,en,
25074,la,5263,99,-12,en,
45189,welcome,5416,99,-12,en,
38985,solo,5584,99,-12,en,
42054,time,5628,99,-12,en,
39798,station,6450,99,-12,en,
9613,brooklyn,6551,99,-12,en,
21025,guest,7132,99,-12,en,
19355,free,9080,99,-12,en,
13646,cozy,10686,99,-12,en,
7693,bathroom,19697,99,-12,en,
34879,recreational,52,98.5,-12.5,en,
5760,animals,106,98.5,-12.5,en,
21355,hanging,472,98.5,-12.5,en,
26474,low,606,98.5,-12.5,en,
11198,chaotic,11,98,-13,en,
36386,rough,41,98,-13,en,
27537,maverick,42,98,-13,en,
37992,sho,43,98,-13,en,
17207,entrepreneurs,45,98,-13,en,
17849,exploration,53,98,-13,en,
36893,saraghina,67,98,-13,en,
18595,finding,85,98,-13,en,
13252,cooker,163,98,-13,en,
29986,noisy,189,98,-13,en,
9127,botanic,246,98,-13,en,
12289,cold,280,98,-13,en,
41844,thing,440,98,-13,en,
20450,goes,465,98,-13,en,
8896,body,506,98,-13,en,
38270,silverlake,586,98,-13,en,
6673,atmosphere,633,98,-13,en,
35340,renting,1075,98,-13,en,
11147,challenging,12,97.5,-13.5,en,
6484,asap,52,97.5,-13.5,en,
2451,34,68,97.5,-13.5,en,
2147,2min,86,97.5,-13.5,en,
15282,dirty,42,97,-14,en,
36096,rockaway,80,97,-14,en,
23510,interacting,86,97,-14,en,
4164,9pm,92,97,-14,en,
28074,mi,300,97,-14,en,
40111,straight,451,97,-14,en,
16468,echo,535,97,-14,en,
6468,artsy,538,97,-14,en,
12733,computer,572,97,-14,en,
8557,bit,615,97,-14,en,
14170,cute,1667,97,-14,en,
16569,educational,14,96.5,-14.5,en,
27725,mecca,46,96.5,-14.5,en,
24750,kindly,82,96.5,-14.5,en,
44103,vegetable,92,96.5,-14.5,en,
7265,bad,130,96.5,-14.5,en,
32256,petworth,166,96.5,-14.5,en,
18849,flexible,552,96.5,-14.5,en,
21450,harmless,14,96,-15,en,
33204,practice,83,96,-15,en,
20856,griffith,632,96,-15,en,
33042,portion,82,95.5,-15.5,en,
36503,rules,348,95.5,-15.5,en,
42304,toothbrushes,30,95,-16,en,
6835,automated,41,95,-16,en,
44917,warmly,42,95,-16,en,
32764,plex,43,95,-16,en,
24219,joint,44,95,-16,en,
19478,frig,44,95,-16,en,
17895,expressway,46,95,-16,en,
35336,renter,47,95,-16,en,
36838,sandwiches,53,95,-16,en,
15467,distant,63,95,-16,en,
4833,adventurous,69,95,-16,en,
14313,damen,75,95,-16,en,
25818,lift,89,95,-16,en,
31651,particular,90,95,-16,en,
22772,idea,91,95,-16,en,
13468,costs,93,95,-16,en,
32330,photographer,93,95,-16,en,
5681,andersonville,96,95,-16,en,
9097,borrow,96,95,-16,en,
33524,privately,97,95,-16,en,
11681,churches,97,95,-16,en,
44947,washed,97,95,-16,en,
29342,nassau,105,95,-16,en,
18423,fernando,117,95,-16,en,
11546,chipotle,118,95,-16,en,
34741,reasonable,147,95,-16,en,
34365,quirky,150,95,-16,en,
34924,redline,194,95,-16,en,
34929,redondo,201,95,-16,en,
17513,ethnic,207,95,-16,en,
41703,thai,312,95,-16,en,
39082,sorry,337,95,-16,en,
44958,washing,396,95,-16,en,
38795,snacks,402,95,-16,en,
18380,feliz,420,95,-16,en,
9904,burbank,422,95,-16,en,
40298,stuff,423,95,-16,en,
30476,occupied,448,95,-16,en,
45687,wish,449,95,-16,en,
21907,highland,452,95,-16,en,
14704,deli,454,95,-16,en,
44049,various,461,95,-16,en,
45146,weekends,467,95,-16,en,
8634,blankets,518,95,-16,en,
10338,calm,537,95,-16,en,
14053,culver,565,95,-16,en,
43871,utilities,594,95,-16,en,
14856,depending,604,95,-16,en,
13775,creative,677,95,-16,en,
44939,wash,712,95,-16,en,
31684,pasadena,763,95,-16,en,
11532,chinese,774,95,-16,en,
15534,diverse,1019,95,-16,en,
46295,young,1142,95,-16,en,
12411,columbia,1163,95,-16,en,
12811,conditioner,1227,95,-16,en,
21437,harlem,1256,95,-16,en,
17883,express,1487,95,-16,en,
33775,prospect,1747,95,-16,en,
45882,work,4136,95,-16,en,
36663,safe,6179,95,-16,en,
9961,bus,7119,95,-16,en,
11943,clean,9844,95,-16,en,
33509,private,21365,95,-16,en,
36237,room,31037,95,-16,en,
12907,congestion,12,94.5,-16.5,en,
27447,masterbedroom,15,94,-17,en,
15679,dollars,83,94,-17,en,
22496,hrs,90,94,-17,en,
16031,driving,479,94,-17,en,
28319,mini,1193,94,-17,en,
25459,lax,1281,94,-17,en,
7426,bank,310,93.5,-17.5,en,
44783,walgreen,46,93,-18,en,
6195,arcadia,130,93,-18,en,
1585,20min,190,93,-18,en,
2745,405,501,93,-18,en,
22351,hospital,588,93,-18,en,
34691,read,1325,93,-18,en,
44921,warned,12,92.5,-18.5,en,
35492,residency,30,92.5,-18.5,en,
6007,appartement,44,92.5,-18.5,en,
25404,laundrymat,12,92,-19,en,
29890,nightstands,67,92,-19,en,
26780,m60,73,92,-19,en,
1624,210,86,92,-19,en,
20282,girlfriend,92,92,-19,en,
6722,attic,95,92,-19,en,
19250,fox,84,91.5,-19.5,en,
19981,gay,160,91.5,-19.5,en,
7433,banks,458,91.5,-19.5,en,
4422,accesible,20,91,-20,en,
4633,actors,86,91,-20,en,
38750,smoke,351,91,-20,en,
45897,working,1519,91,-20,en,
12073,closet,6626,91,-20,en,
42542,train,9375,91,-20,en,
34332,quietly,86,90.5,-20.5,en,
43322,unavailable,94,90.5,-20.5,en,
12633,compartment,10,90,-21,en,
14095,curfew,16,90,-21,en,
2366,小区,21,90,-21,other,
38728,smells,37,90,-21,en,
44169,ventilation,42,90,-21,en,
36835,sandwich,43,90,-21,en,
44778,wal,46,90,-21,en,
35535,respected,46,90,-21,en,
10400,camp,48,90,-21,en,
16944,encino,51,90,-21,en,
43849,usual,53,90,-21,en,
5758,animal,61,90,-21,en,
27830,mellow,69,90,-21,en,
42705,traveller,71,90,-21,en,
17588,everybody,73,90,-21,en,
9032,bookshelves,74,90,-21,en,
29493,needing,83,90,-21,en,
3736,7am,83,90,-21,en,
3469,66,85,90,-21,en,
10858,catholic,91,90,-21,en,
22575,humble,92,90,-21,en,
29401,navigate,95,90,-21,en,
8275,berry,95,90,-21,en,
34059,pvt,97,90,-21,en,
6009,appartment,99,90,-21,en,
9603,brookland,99,90,-21,en,
11327,cheaper,105,90,-21,en,
29166,musician,122,90,-21,en,
24975,korea,129,90,-21,en,
28706,money,230,90,-21,en,
30611,ok,303,90,-21,en,
24980,koreatown,313,90,-21,en,
12566,communal,364,90,-21,en,
14127,curtains,420,90,-21,en,
19318,franklin,423,90,-21,en,
15264,directions,457,90,-21,en,
41290,target,470,90,-21,en,
45906,works,514,90,-21,en,
9129,botanical,524,90,-21,en,
32274,pharmacy,531,90,-21,en,
21646,heater,579,90,-21,en,
15949,drawers,732,90,-21,en,
35533,respect,766,90,-21,en,
38299,simple,871,90,-21,en,
21346,hang,1077,90,-21,en,
5108,airport,2306,90,-21,en,
29811,nice,5034,90,-21,en,
19470,friendly,5474,90,-21,en,
38727,smelling,14,89.5,-21.5,en,
43353,uncomfortable,18,89.5,-21.5,en,
26301,lone,32,89.5,-21.5,en,
30113,northwestern,42,89.5,-21.5,en,
8839,boarder,46,89.5,-21.5,en,
46239,ymca,68,89.5,-21.5,en,
6246,arclight,68,89.5,-21.5,en,
15749,dont,84,89.5,-21.5,en,
25774,lic,88,89.5,-21.5,en,
4938,african,98,89.5,-21.5,en,
7275,bag,98,89.5,-21.5,en,
26087,livingroom,280,89.5,-21.5,en,
24859,kittens,14,89,-22,en,
4164,装修,24,89,-22,other,
21846,hewes,41,89,-22,en,
32691,playful,45,89,-22,en,
39590,squirrels,45,89,-22,en,
19671,furnish,47,89,-22,en,
16366,earplugs,48,89,-22,en,
34019,purifier,49,89,-22,en,
1434,公寓,49,89,-22,other,
1434,公寓,49,89,-22,other,
10280,calabasas,59,89,-22,en,
36429,rowland,65,89,-22,en,
31062,outlet,65,89,-22,en,
38893,socializing,68,89,-22,en,
5769,anita,69,89,-22,en,
33996,puppy,73,89,-22,en,
21037,guestroom,83,89,-22,en,
432,11pm,84,89,-22,en,
16971,encourage,84,89,-22,en,
30612,okay,89,89,-22,en,
44106,vegetarian,89,89,-22,en,
32136,permanent,93,89,-22,en,
24926,knowledge,99,89,-22,en,
23170,individuals,167,89,-22,en,
8576,bk,402,89,-22,en,
23568,international,464,89,-22,en,
21352,hangers,527,89,-22,en,
21735,hello,604,89,-22,en,
15645,dog,1068,89,-22,en,
43851,usually,1085,89,-22,en,
11131,chair,1405,89,-22,en,
43542,university,1491,89,-22,en,
35201,religious,13,88,-23,en,
45614,windy,49,88,-23,en,
40434,suburb,71,88,-23,en,
25388,laundered,73,88,-23,en,
28608,modest,83,88,-23,en,
44385,vietnamese,83,88,-23,en,
41117,tacos,97,88,-23,en,
27746,medical,500,88,-23,en,
16533,edgewater,48,87.5,-23.5,en,
11274,chase,132,87.5,-23.5,en,
27785,meeting,498,87.5,-23.5,en,
10035,busy,1120,87.5,-23.5,en,
40696,supermarket,1122,87.5,-23.5,en,
45891,workers,44,87,-24,en,
15464,distances,65,87,-24,en,
12892,confortable,74,87,-24,en,
22198,homely,79,87,-24,en,
23139,indian,215,87,-24,en,
42697,traveler,778,87,-24,en,
14957,desk,3723,87,-24,en,
38641,slippers,70,86.5,-24.5,en,
10990,cemetery,78,86.5,-24.5,en,
29167,musicians,196,86.5,-24.5,en,
14543,decided,83,86,-25,en,
26940,mainly,90,86,-25,en,
29079,multicultural,109,86,-25,en,
17240,environment,772,86,-25,en,
22222,homie,15,85,-26,en,
23617,intimacy,16,85,-26,en,
22276,hookup,35,85,-26,en,
39518,sprouts,41,85,-26,en,
10410,camping,41,85,-26,en,
42252,toluca,43,85,-26,en,
10051,butter,47,85,-26,en,
22367,hostess,51,85,-26,en,
41169,takoma,58,85,-26,en,
30480,occupying,59,85,-26,en,
5202,alcohol,67,85,-26,en,
33498,priv,71,85,-26,en,
10777,casino,85,85,-26,en,
13559,courteous,85,85,-26,en,
40070,storing,88,85,-26,en,
42165,toast,89,85,-26,en,
20311,gladly,91,85,-26,en,
25353,latin,98,85,-26,en,
18385,fellow,101,85,-26,en,
25580,lefferts,122,85,-26,en,
14678,dekalb,142,85,-26,en,
29456,neat,303,85,-26,en,
15948,drawer,371,85,-26,en,
13961,cta,394,85,-26,en,
24175,jmz,401,85,-26,en,
28049,mexican,416,85,-26,en,
23506,interact,522,85,-26,en,
12592,commute,542,85,-26,en,
15656,dogs,556,85,-26,en,
6616,astoria,604,85,-26,en,
33631,professionals,764,85,-26,en,
33393,pretty,1148,85,-26,en,
12553,common,2979,85,-26,en,
44159,vent,16,84.5,-26.5,en,
9011,booked,238,84.5,-26.5,en,
17516,ethnicities,15,84,-27,en,
4752,餐具,30,84,-27,other,
24930,knows,73,84,-27,en,
18146,fan,769,84,-27,en,
20996,guardia,112,83.5,-27.5,en,
1209,以及,31,83,-28,other,
14103,curious,40,83,-28,en,
12762,concern,51,83,-28,en,
13423,cortelyou,69,83,-28,en,
2336,30min,82,83,-28,en,
2464,35,478,83,-28,en,
37134,school,690,83,-28,en,
6094,approachable,14,82.5,-28.5,en,
9592,brook,48,82.5,-28.5,en,
24863,kitty,64,82.5,-28.5,en,
40435,suburban,118,82.5,-28.5,en,
8361,beware,20,82,-29,en,
45580,wilson,47,82,-29,en,
27348,marshall,49,82,-29,en,
24976,korean,200,82,-29,en,
1029,中文,22,81,-30,other,
34742,reasonably,44,81,-30,en,
25076,lab,46,81,-30,en,
38754,smoker,98,81,-30,en,
1928,商场,32,80.5,-30.5,other,
35537,respectful,854,80.5,-30.5,en,
4389,academics,12,80,-31,en,
22690,hygiene,16,80,-31,en,
29336,narrows,21,80,-31,en,
38690,smallest,21,80,-31,en,
3318,泳池,23,80,-31,other,
4719,adequate,29,80,-31,en,
17950,extreme,43,80,-31,en,
25878,lil,43,80,-31,en,
25355,latino,46,80,-31,en,
28580,moderate,47,80,-31,en,
31493,para,47,80,-31,en,
13203,conversations,47,80,-31,en,
20629,graffiti,48,80,-31,en,
28762,monterey,49,80,-31,en,
32735,pleased,49,80,-31,en,
25029,ktown,49,80,-31,en,
30461,occidental,50,80,-31,en,
16417,easygoing,51,80,-31,en,
27648,mcgolrick,53,80,-31,en,
5257,alhambra,60,80,-31,en,
34579,ranging,61,80,-31,en,
3276,5mins,71,80,-31,en,
40438,suburbs,72,80,-31,en,
41913,thrift,73,80,-31,en,
25735,lgbtq,78,80,-31,en,
9640,brother,83,80,-31,en,
25872,likes,85,80,-31,en,
35101,regularly,87,80,-31,en,
21413,hardly,94,80,-31,en,
42956,tryon,97,80,-31,en,
26500,loyola,98,80,-31,en,
38755,smokers,116,80,-31,en,
24130,jewish,116,80,-31,en,
12348,colleges,123,80,-31,en,
15521,ditmas,128,80,-31,en,
13459,costco,135,80,-31,en,
32888,police,141,80,-31,en,
9092,borough,158,80,-31,en,
44097,vegan,160,80,-31,en,
14125,curtain,163,80,-31,en,
21428,hare,219,80,-31,en,
21280,hamilton,229,80,-31,en,
40391,sublet,278,80,-31,en,
37912,shelves,329,80,-31,en,
42433,towel,329,80,-31,en,
25143,laguardia,344,80,-31,en,
10864,cats,536,80,-31,en,
28432,mirror,574,80,-31,en,
11491,chill,597,80,-31,en,
4917,affordable,701,80,-31,en,
40699,supermarkets,955,80,-31,en,
34262,queens,978,80,-31,en,
10822,cat,981,80,-31,en,
15985,dresser,1580,80,-31,en,
37820,share,3092,80,-31,en,
37722,sexual,26,79.5,-31.5,en,
35888,ridge,72,79.5,-31.5,en,
37913,shelving,120,79.5,-31.5,en,
40334,stuy,510,79.5,-31.5,en,
11386,chemical,15,79,-32,en,
25398,laundries,23,79,-32,en,
2118,大型,24,79,-32,other,
2021,地方,27,79,-32,other,
3412,游泳池,33,79,-32,other,
9482,brigham,41,79,-32,en,
15930,drama,44,79,-32,en,
30469,occupant,55,79,-32,en,
22440,housemate,67,79,-32,en,
23216,inexpensive,122,79,-32,en,
22837,ikea,146,79,-32,en,
14052,cultures,151,79,-32,en,
29889,nightstand,197,79,-32,en,
6519,asian,226,79,-32,en,
11284,chat,299,79,-32,en,
24135,jfk,1005,79,-32,en,
1699,厨具,20,78.5,-32.5,other,
14126,curtained,21,78,-33,en,
3188,楼下,21,78,-33,other,
3774,租车,23,78,-33,other,
43916,va,40,78,-33,en,
12086,cloth,41,78,-33,en,
15338,discretion,44,78,-33,en,
22350,hospitable,63,78,-33,en,
42117,tired,60,77.5,-33.5,en,
43866,utica,92,77.5,-33.5,en,
44336,vice,10,77,-34,en,
3865,繁华,20,77,-34,other,
1872,周围,27,77,-34,other,
38891,socialize,116,77,-34,en,
16502,economy,24,76.5,-34.5,en,
5173,alarmed,10,76,-35,en,
32985,popping,54,76,-35,en,
7503,barely,78,76,-35,en,
21119,guys,184,76,-35,en,
12346,college,820,75.5,-35.5,en,
8571,bizarre,15,75,-36,en,
44166,ventilated,17,75,-36,en,
24861,kitties,37,75,-36,en,
4407,还有,39,75,-36,other,
5642,anacostia,45,75,-36,en,
5888,anybody,47,75,-36,en,
41368,taylor,47,75,-36,en,
15520,ditmars,48,75,-36,en,
32897,polite,49,75,-36,en,
11892,claremont,49,75,-36,en,
5378,alot,49,75,-36,en,
27474,mate,51,75,-36,en,
5632,amusement,54,75,-36,en,
33539,privet,57,75,-36,en,
4826,adventurer,57,75,-36,en,
31718,passing,80,75,-36,en,
16061,drugs,82,75,-36,en,
43802,usage,83,75,-36,en,
2348,30s,85,75,-36,en,
4285,abcd,85,75,-36,en,
36064,roberta,87,75,-36,en,
23718,inwood,93,75,-36,en,
40826,surveillance,96,75,-36,en,
8889,bodegas,143,75,-36,en,
22433,household,152,75,-36,en,
18801,flatbush,155,75,-36,en,
25402,laundromats,160,75,-36,en,
10620,caribbean,161,75,-36,en,
16195,dunkin,169,75,-36,en,
13721,crash,235,75,-36,en,
14737,delis,268,75,-36,en,
45790,women,275,75,-36,en,
36012,rm,324,75,-36,en,
11325,cheap,425,75,-36,en,
25400,laundromat,642,75,-36,en,
37833,sharing,1405,75,-36,en,
37824,shared,6867,75,-36,en,
17394,español,50,74.5,-36.5,en,
3594,用品,20,74,-37,other,
33990,pup,46,74,-37,en,
27255,maria,57,74,-37,en,
30134,nostrand,167,74,-37,en,
36353,roslindale,40,73.5,-37.5,en,
27269,marijuana,10,72.5,-38.5,en,
15430,disposable,48,72.5,-38.5,en,
45786,woman,98,72.5,-38.5,en,
42031,tiki,42,72,-39,en,
35708,retired,51,72,-39,en,
23960,jam,71,72,-39,en,
22018,hispanic,48,71.5,-39.5,en,
2727,房子,52,71.5,-39.5,other,
2727,房子,52,71.5,-39.5,other,
1588,20mins,84,71,-40,en,
32472,pilsen,88,71,-40,en,
22266,hoods,10,70.5,-40.5,en,
13623,coworking,10,70,-41,en,
24746,kinda,25,70,-41,en,
3363,浴室,26,70,-41,other,
4276,豪华,27,70,-41,other,
4900,affectionate,29,70,-41,en,
28014,metrolink,42,70,-41,en,
11000,cent,42,70,-41,en,
18525,figueroa,43,70,-41,en,
43253,uic,58,70,-41,en,
45852,woodside,59,70,-41,en,
30387,oatmeal,67,70,-41,en,
22580,humboldt,81,70,-41,en,
15550,divider,89,70,-41,en,
13778,creatives,91,70,-41,en,
33546,privileges,94,70,-41,en,
5349,allston,105,70,-41,en,
24185,job,110,70,-41,en,
40398,subletting,111,70,-41,en,
25727,lga,300,70,-41,en,
36268,roommate,1057,70,-41,en,
1512,出入,24,69,-42,other,
21351,hanger,27,69,-42,en,
28901,motel,36,69,-42,en,
24858,kitten,39,69,-42,en,
28187,midwood,43,69,-42,en,
4292,购物,44,69,-42,other,
4292,购物,44,69,-42,other,
42348,torrance,57,69,-42,en,
15785,dorchester,80,69,-42,en,
44847,walmart,105,69,-42,en,
43808,usc,362,69,-42,en,
2299,室内,22,68.5,-42.5,other,
27641,mcdonalds,48,68.5,-42.5,en,
22209,homestay,16,68,-43,en,
50824,我的房源适合情侣,40,68,-43,en,
27866,men,79,68,-43,en,
19565,fruits,83,68,-43,en,
20621,graduate,83,68,-43,en,
9030,bookshelf,123,68,-43,en,
18962,flushing,212,68,-43,en,
8037,bedstuy,298,68,-43,en,
15649,doggies,10,67.5,-43.5,en,
9984,bushwick,1385,67,-44,en,
3753,私人,24,66.5,-44.5,other,
2746,所有,32,66.5,-44.5,other,
1236,优雅,24,66,-45,other,
12303,coliseum,41,66,-45,en,
16196,dunking,13,65,-46,en,
19617,fullsize,15,65,-46,en,
33460,princess,15,65,-46,en,
3685,直达,21,65,-46,other,
2623,待产,23,65,-46,other,
2412,就是,24,65,-46,other,
2116,大华,26,65,-46,other,
1994,图书馆,27,65,-46,other,
4800,高档,27,65,-46,other,
2535,幼儿园,31,65,-46,other,
1619,医院,36,65,-46,other,
16498,economical,42,65,-46,en,
3600,710,43,65,-46,en,
54078,超市,45,65,-46,en,
36252,roomates,53,65,-46,en,
13958,csun,53,65,-46,en,
15709,dominican,57,65,-46,en,
54663,银行,58,65,-46,en,
4236,设施,68,65,-46,other,
4236,设施,68,65,-46,other,
43108,twenties,69,65,-46,en,
27640,mcdonald,86,65,-46,en,
28295,minded,104,65,-46,en,
1595,20s,122,65,-46,en,
27016,male,238,65,-46,en,
29219,myrtle,249,65,-46,en,
9584,bronx,252,65,-46,en,
9769,budget,423,65,-46,en,
18395,female,547,65,-46,en,
49286,商务旅行者,42,64,-47,en,
27481,mates,70,64,-47,en,
28313,mingle,36,63.5,-47.5,en,
24186,jobs,46,63.5,-47.5,en,
45418,wholesome,20,63,-48,en,
43623,unsafe,10,62.5,-48.5,en,
2217,好莱坞,22,62.5,-48.5,other,
1613,区域,26,62.5,-48.5,other,
36251,roomate,36,62.5,-48.5,en,
2390,小时,42,62.5,-48.5,other,
2390,小时,42,62.5,-48.5,other,
30099,northridge,56,62.5,-48.5,en,
26204,lockable,74,62.5,-48.5,en,
2146,大楼,30,62,-49,other,
1383,免费,75,62,-49,other,
1383,免费,75,62,-49,other,
40278,students,789,62,-49,en,
21349,hangars,13,60,-51,en,
40281,studies,17,60,-51,en,
4057,花园,22,60,-51,other,
3309,法拉盛,22,60,-51,other,
2914,旁边,22,60,-51,other,
1424,公交车,23,60,-51,other,
2351,对面,23,60,-51,other,
4417,这里,23,60,-51,other,
837,一应俱全,24,60,-51,other,
40388,sublease,25,60,-51,en,
4293,购物中心,27,60,-51,other,
1420,公交,29,60,-51,other,
2670,情侣,29,60,-51,other,
4812,高速公路,33,60,-51,other,
3914,网络,33,60,-51,other,
1425,公交车站,35,60,-51,other,
3950,美食,35,60,-51,other,
2815,接送,37,60,-51,other,
4665,需要,39,60,-51,other,
3620,电视,39,60,-51,other,
19120,fordham,40,60,-51,en,
1529,出门,40,60,-51,other,
1529,出门,40,60,-51,other,
1402,全新,41,60,-51,other,
3930,美国,41,60,-51,other,
1402,全新,41,60,-51,other,
3930,美国,41,60,-51,other,
49846,安全,42,60,-51,en,
35086,rego,44,60,-51,en,
3743,社区,44,60,-51,other,
3743,社区,44,60,-51,other,
2337,30mins,45,60,-51,en,
2310,家庭,45,60,-51,other,
2486,市中心,45,60,-51,other,
2486,市中心,45,60,-51,other,
2310,家庭,45,60,-51,other,
47520,交通方便,52,60,-51,en,
2699,我们,53,60,-51,other,
2699,我们,53,60,-51,other,
49877,安静,54,60,-51,en,
3111,机场,54,60,-51,other,
3111,机场,54,60,-51,other,
1561,到达,60,60,-51,other,
1561,到达,60,60,-51,other,
4833,齐全,63,60,-51,other,
40296,studying,82,60,-51,en,
3584,生活,91,60,-51,other,
3584,生活,91,60,-51,other,
1250,位于,92,60,-51,other,
1250,位于,92,60,-51,other,
1641,华人,102,60,-51,other,
25732,lgbt,113,60,-51,en,
3222,步行,138,60,-51,other,
22441,housemates,148,60,-51,en,
36269,roommates,1278,60,-51,en,
23580,internship,30,59.5,-51.5,en,
3091,服务,38,59.5,-51.5,other,
4764,餐馆,64,59.5,-51.5,other,
4044,舒适,122,59.5,-51.5,other,
18397,females,160,59.5,-51.5,en,
20284,girls,178,59.5,-51.5,en,
40276,student,350,59.5,-51.5,en,
9076,borderline,12,59,-52,en,
2551,床上用品,21,59,-52,other,
2168,大道,22,59,-52,other,
4693,韩国,27,59,-52,other,
2627,很多,28,59,-52,other,
2617,影城,30,59,-52,other,
2926,旅行者,32,59,-52,other,
4365,车位,34,59,-52,other,
1525,出行,37,59,-52,other,
11328,cheapest,45,59,-52,en,
48629,厨房,50,59,-52,en,
21262,halsey,72,59,-52,en,
3181,57,73,59,-52,en,
2820,提供,81,59,-52,other,
2820,提供,81,59,-52,other,
2802,420,158,59,-52,en,
4552,银行,70,58.5,-52.5,other,
4552,银行,70,58.5,-52.5,other,
26260,logement,13,58,-53,en,
876,一间,21,58,-53,other,
2424,居住,31,58,-53,other,
2785,拎包,43,58,-53,other,
2785,拎包,43,58,-53,other,
2291,客厅,51,58,-53,other,
2291,客厅,51,58,-53,other,
1819,各种,53,58,-53,other,
1819,各种,53,58,-53,other,
2196,套房,59,58,-53,other,
2196,套房,59,58,-53,other,
3347,洛杉矶,67,58,-53,other,
3347,洛杉矶,67,58,-53,other,
1387,入住,84,58,-53,other,
1387,入住,84,58,-53,other,
1701,厨房,112,58,-53,other,
3531,独立,132,58,-53,other,
4318,超市,208,58,-53,other,
4318,超市,208,58,-53,other,
4017,自己,34,57.5,-53.5,other,
46039,wyckoff,58,57.5,-53.5,en,
3548,环境,68,57.5,-53.5,other,
3548,环境,68,57.5,-53.5,other,
1522,出租,52,57,-54,other,
1522,出租,52,57,-54,other,
32938,pomona,58,57,-54,en,
2290,客人,38,56.5,-54.5,other,
4370,车程,58,56.5,-54.5,other,
4370,车程,58,56.5,-54.5,other,
24664,kfc,13,55,-56,en,
10499,cantonese,18,55,-56,en,
2476,左右,25,55,-56,other,
2728,房客,25,55,-56,other,
908,上网,26,55,-56,other,
2032,地铁,26,55,-56,other,
1012,中国,27,55,-56,other,
973,两个,27,55,-56,other,
2327,宽敞,27,55,-56,other,
3876,纽约,27,55,-56,other,
3089,朋友,29,55,-56,other,
3626,电话,30,55,-56,other,
1253,位置,30,55,-56,other,
2028,地理位置,30,55,-56,other,
1024,中心,31,55,-56,other,
796,一个,41,55,-56,other,
1879,周边,41,55,-56,other,
796,一个,41,55,-56,other,
1879,周边,41,55,-56,other,
18971,flyaway,44,55,-56,en,
36262,roomies,46,55,-56,en,
1554,别墅,47,55,-56,other,
1554,别墅,47,55,-56,other,
4811,高速,50,55,-56,other,
4811,高速,50,55,-56,other,
2306,家具,51,55,-56,other,
2306,家具,51,55,-56,other,
4343,距离,53,55,-56,other,
4343,距离,53,55,-56,other,
4675,非常,74,55,-56,other,
4675,非常,74,55,-56,other,
4753,餐厅,91,55,-56,other,
4753,餐厅,91,55,-56,other,
2259,安全,95,55,-56,other,
2259,安全,95,55,-56,other,
23579,interns,104,55,-56,en,
1759,可以,137,55,-56,other,
2905,方便,159,55,-56,other,
1543,分钟,163,55,-56,other,
3553,环球,24,54,-57,other,
15874,downstate,12,53.5,-57.5,en,
1157,产检,22,53.5,-57.5,other,
4310,走路,52,53.5,-57.5,other,
4310,走路,52,53.5,-57.5,other,
16497,economic,17,53,-58,en,
24093,jerk,14,52.5,-58.5,en,
4916,affordability,16,52.5,-58.5,en,
4589,闹中取静,28,52.5,-58.5,other,
31074,outpost,40,52.5,-58.5,en,
3037,曼哈顿,27,52,-59,other,
2224,如果,29,52,-59,other,
1281,使用,71,52,-59,other,
1281,使用,71,52,-59,other,
1431,公园,77,52,-59,other,
1431,公园,77,52,-59,other,
2034,地铁站,34,51.5,-59.5,other,
4940,afro,18,51,-60,en,
1717,双人床,22,51,-60,other,
3205,欢迎,44,51,-60,other,
3205,欢迎,44,51,-60,other,
19487,frills,78,51,-60,en,
2881,整洁,46,50.5,-60.5,other,
2881,整洁,46,50.5,-60.5,other,
27018,males,48,50.5,-60.5,en,
4611,附近,80,50.5,-60.5,other,
4611,附近,80,50.5,-60.5,other,
36260,roomie,14,50,-61,en,
4762,餐饮,21,50,-61,other,
4582,门口,21,50,-61,other,
1458,共用,23,50,-61,other,
3339,洗衣,23,50,-61,other,
3815,简单,23,50,-61,other,
1850,后院,25,50,-61,other,
1691,即可,25,50,-61,other,
3532,独自,25,50,-61,other,
2248,学校,27,50,-61,other,
7281,baggage,29,50,-61,en,
9880,bunkbeds,29,50,-61,en,
4772,香港,32,50,-61,other,
9879,bunkbed,35,50,-61,en,
2637,微波炉,35,50,-61,other,
1980,因为,35,50,-61,other,
2024,地段,36,50,-61,other,
2714,房东,36,50,-61,other,
2924,旅行,37,50,-61,other,
1336,停车位,39,50,-61,other,
1917,商务,43,50,-61,other,
1917,商务,43,50,-61,other,
824,一定,44,50,-61,other,
824,一定,44,50,-61,other,
50585,您一定会爱上我的房源,48,50,-61,en,
1487,冰箱,49,50,-61,other,
1487,冰箱,49,50,-61,other,
47511,交通便利,51,50,-61,en,
20049,gender,58,50,-61,en,
2734,房源,62,50,-61,other,
2734,房源,62,50,-61,other,
3918,罗兰,63,50,-61,other,
2918,旅游,64,50,-61,other,
1684,卫生间,69,50,-61,other,
1684,卫生间,69,50,-61,other,
4439,适合,73,50,-61,other,
4439,适合,73,50,-61,other,
3404,温馨,79,50,-61,other,
3404,温馨,79,50,-61,other,
2517,干净,89,50,-61,other,
2517,干净,89,50,-61,other,
1147,交通,110,50,-61,other,
2738,房间,113,50,-61,other,
2268,安静,115,50,-61,other,
1290,便利,117,50,-61,other,
1744,另外,22,49.5,-61.5,other,
1481,冒险家,30,49.5,-61.5,other,
3792,空间,34,49.5,-61.5,other,
2687,感觉,23,49,-62,other,
1335,停车,29,49,-62,other,
2729,房屋,33,49,-62,other,
1240,会爱上,34,49,-62,other,
52662,烘干机,42,49,-62,en,
3456,烘干机,49,49,-62,other,
3456,烘干机,49,49,-62,other,
4680,靠近,53,49,-62,other,
4680,靠近,53,49,-62,other,
3343,洗衣机,55,49,-62,other,
3343,洗衣机,55,49,-62,other,
2602,开车,44,48.5,-62.5,other,
2602,开车,44,48.5,-62.5,other,
55100,餐厅,53,48,-63,en,
22362,hostel,167,48,-63,en,
2138,大床,24,46.5,-64.5,other,
4788,高中,21,45,-66,other,
4635,随时,27,45,-66,other,
4649,雅房,30,44,-67,other,
49826,学校,11,40,-71,en,
15801,dorms,17,39,-72,en,
15791,dorm,84,35.5,-75.5,en,
43519,unisex,11,30,-81,en,
12304,coliving,30,30,-81,en,
15797,dormitory,57,30,-81,en,
,,,,,,
,,,,,,
,,,,,,
,,,,,,
,,,,,,
,,,,,,
,,,,,,
,,,,,,
,,,,,,
,,,,,,
,,,,,,
,,,,,,
,,,,,,
,,,,,,
,,,,,,
,,,,,,
,,,,,,
,,,,,,
,,,,,,
,,,,,,
,,,,,,
,,,,,,
,,,,,,
,,,,,,
,,,,,,
,,,,,,
,,,,,,
,,,,,,
,,,,,,
,,,,,,
,,,,,,
,,,,,,
,,,,,,
,,,,,,
,,,,,,
,,,,,,
,,,,,,
,,,,,,
,,,,,,
,,,,,,
,,,,,,
,,,,,,
,,,,,,
,,,,,,
,,,,,,
,,,,,,
,,,,,,
,,,,,,
,,,,,,
,,,,,,
,,,,,,
,,,,,,
,,,,,,
,,,,,,
,,,,,,
,,,,,,
,,,,,,
,,,,,,
,,,,,,
,,,,,,
,,,,,,
,,,,,,
,,,,,,
,,,,,,
,,,,,,
,,,,,,
,,,,,,
,,,,,,
,,,,,,
,,,,,,
,,,,,,
,,,,,,
,,,,,,
,,,,,,
,,,,,,
,,,,,,
,,,,,,
,,,,,,
,,,,,,
,,,,,,
,,,,,,
,,,,,,
,,,,,,
,,,,,,
,,,,,,
,,,,,,
,,,,,,
,,,,,,
,,,,,,
,,,,,,
,,,,,,
,,,,,,
,,,,,,
,,,,,,
,,,,,,
,,,,,,
,,,,,,
,,,,,,
,,,,,,
,,,,,,
,,,,,,
,,,,,,
,,,,,,
,,,,,,
,,,,,,
,,,,,,
,,,,,,
,,,,,,
,,,,,,
,,,,,,
,,,,,,
,,,,,,
,,,,,,
,,,,,,
,,,,,,
,,,,,,
,,,,,,
,,,,,,
,,,,,,
,,,,,,
,,,,,,
,,,,,,
,,,,,,
,,,,,,
,,,,,,
,,,,,,
,,,,,,
,,,,,,
,,,,,,
,,,,,,
,,,,,,
,,,,,,
,,,,,,
,,,,,,
,,,,,,
,,,,,,
,,,,,,
,,,,,,
,,,,,,
,,,,,,
,,,,,,
,,,,,,
,,,,,,
,,,,,,
,,,,,,
,,,,,,
,,,,,,
,,,,,,
,,,,,,
,,,,,,
,,,,,,
,,,,,,
,,,,,,
,,,,,,
,,,,,,
,,,,,,
,,,,,,
,,,,,,
,,,,,,
,,,,,,
,,,,,,
,,,,,,
,,,,,,
,,,,,,
,,,,,,
,,,,,,
,,,,,,
,,,,,,
,,,,,,
,,,,,,
,,,,,,
,,,,,,
,,,,,,
,,,,,,
,,,,,,
,,,,,,
,,,,,,
,,,,,,
,,,,,,
,,,,,,
,,,,,,
,,,,,,
,,,,,,
,,,,,,
,,,,,,
,,,,,,
,,,,,,
,,,,,,
,,,,,,
,,,,,,
,,,,,,
,,,,,,
,,,,,,
,,,,,,
,,,,,,
,,,,,,
,,,,,,
,,,,,,
,,,,,,
,,,,,,
,,,,,,
,,,,,,
,,,,,,
,,,,,,
,,,,,,
,,,,,,
,,,,,,
,,,,,,
,,,,,,
,,,,,,
,,,,,,
,,,,,,
,,,,,,
,,,,,,
,,,,,,
,,,,,,
,,,,,,
,,,,,,
,,,,,,
,,,,,,
,,,,,,
,,,,,,
,,,,,,
,,,,,,
,,,,,,
,,,,,,
,,,,,,
,,,,,,
,,,,,,
,,,,,,
,,,,,,
,,,,,,
,,,,,,
,,,,,,
,,,,,,
,,,,,,
,,,,,,
,,,,,,
,,,,,,
,,,,,,
,,,,,,
,,,,,,
,,,,,,
,,,,,,
,,,,,,
,,,,,,
,,,,,,
,,,,,,
,,,,,,
,,,,,,
,,,,,,
,,,,,,
,,,,,,
,,,,,,
,,,,,,
,,,,,,
,,,,,,
,,,,,,
,,,,,,
,,,,,,
,,,,,,
,,,,,,
,,,,,,
,,,,,,
,,,,,,
,,,,,,
,,,,,,
,,,,,,
,,,,,,
,,,,,,
,,,,,,
,,,,,,
,,,,,,
,,,,,,
,,,,,,
,,,,,,
,,,,,,
,,,,,,
,,,,,,
,,,,,,
,,,,,,
,,,,,,
,,,,,,
,,,,,,
,,,,,,
,,,,,,
,,,,,,
,,,,,,
,,,,,,
,,,,,,
,,,,,,
,,,,,,
,,,,,,
,,,,,,
,,,,,,
,,,,,,
,,,,,,
,,,,,,
,,,,,,
,,,,,,
,,,,,,
,,,,,,
,,,,,,
,,,,,,
,,,,,,
,,,,,,
,,,,,,
,,,,,,
,,,,,,
,,,,,,
,,,,,,
,,,,,,
,,,,,,
,,,,,,
,,,,,,
,,,,,,
,,,,,,
,,,,,,
,,,,,,
,,,,,,
,,,,,,
,,,,,,
,,,,,,
,,,,,,
,,,,,,
,,,,,,
,,,,,,
,,,,,,
,,,,,,
,,,,,,
,,,,,,
,,,,,,
,,,,,,
,,,,,,
,,,,,,
,,,,,,
,,,,,,
,,,,,,
,,,,,,
,,,,,,
,,,,,,
,,,,,,
,,,,,,
,,,,,,
,,,,,,
,,,,,,
,,,,,,
,,,,,,
,,,,,,
,,,,,,
,,,,,,
,,,,,,
,,,,,,
